slope,manning_n,score,wse_rmse_m,wse_bias_m,velocity_rmse_ms,velocity_bias_ms,n_wse,n_velocity
8.02300850165915e-05,0.060000000000000005,0.6507352334588293,0.5799903700174417,0.11723821301166364,0.0707448634413876,-0.014185714992371576,4715,4
0.00016778350040221708,0.08499999999999999,0.6518601942248858,0.5815741040761839,0.0966299873454063,0.07028609014870187,-0.011760947596326204,4715,4
0.00013120344887319337,0.07500000000000001,0.6519365509311453,0.581695013778972,0.0945118822349949,0.07024153715217334,-0.011499822565351432,4715,4
6.273837315547647e-05,0.05,0.653637906260122,0.5840028039124078,0.06005338709050461,0.06963510234771418,-0.00710746448559578,4715,4
3e-05,0.035,0.6537086573875446,0.5838998837029324,0.0709680996314968,0.06980877368461212,-0.008584999335038326,4715,4
0.00010259855680060184,0.065,0.6537820170490164,0.5839063030366313,0.07476170703533298,0.06987571401238508,-0.009093694369701324,4715,4
4.906019313555284e-05,0.045,0.6538021908827809,0.5839074436177625,0.07581164310879475,0.0698947472650184,-0.009233478262428402,4715,4
3.83641211819922e-05,0.04,0.6539591863832198,0.5839765241391757,0.0805251117352598,0.06998266224404417,-0.00985473454328728,4715,4
0.00016778350040221708,0.08,0.6541308637931477,0.584730729897702,0.04060799239576995,0.06940013389544568,-0.004436731026562661,4715,4
0.00021456221805898323,0.09,0.654365492266196,0.5850063770267876,0.036018751958209014,0.06935911523940845,-0.0037982893490334096,4715,4
8.02300850165915e-05,0.055,0.6543974203366495,0.5850428723837644,0.03546497412631514,0.0693545479528851,-0.0037210047149317874,4715,4
0.00013120344887319337,0.07,0.6546590679635022,0.5853365071054237,0.03125782758589656,0.06932256085807838,-0.0031318733143653466,4715,4
0.00010259855680060184,0.07,0.6547157877609829,0.5831388509241933,0.1472481023638436,0.0715769368367897,-0.017801915459721505,4715,4
6.273837315547647e-05,0.055,0.6555156967115567,0.5837980202753135,0.15168137603415804,0.07171767643624322,-0.01834814161723053,4715,4
0.00016778350040221708,0.09,0.6556232985928757,0.5838868706024923,0.15226445631941207,0.07173642799038334,-0.018419797595694107,4715,4
0.00013120344887319337,0.08,0.6565417496740845,0.5846478659692973,0.15709547745174868,0.07189388370478723,-0.019011739711492795,4715,4
0.00010259855680060184,0.060000000000000005,0.6570449874534262,0.5878076964054806,0.003821084318824078,0.06923729104794558,0.0007682147615348522,4715,4
0.00021456221805898323,0.08499999999999999,0.6595891924525382,0.5902858274636683,-0.015103533730408512,0.0693033649888699,0.0033829017241837345,4715,4
0.00016778350040221708,0.07500000000000001,0.6599170133700718,0.5906006429652525,-0.017029193142217337,0.06931637040481929,0.0036644068680673977,4715,4
4.906019313555284e-05,0.05,0.6609662712084063,0.5883649653482258,0.17758952072029072,0.07260130586018056,-0.021487912841232602,4715,4
4.906019313555284e-05,0.04,0.6620930366763893,0.5926685496549944,-0.02904065789152453,0.0694244870213949,0.005437796478090992,4715,4
6.273837315547647e-05,0.045,0.6629797957908531,0.593502560581149,-0.033509837871122335,0.06947723520970409,0.006107654860674043,4715,4
0.00013120344887319337,0.065,0.6631893014262744,0.5936993569716433,-0.03451153367127662,0.06948994445463107,0.0062583286128068405,4715,4
3.83641211819922e-05,0.035,0.6639662254681262,0.5944272458727935,-0.03814776513672909,0.06953897959533277,0.006806692552861357,4715,4
8.02300850165915e-05,0.065,0.6650436929178365,0.5918662525692756,0.19331407410222406,0.07317744034856091,-0.023329409329114738,4715,4
3.83641211819922e-05,0.045,0.6653462653866367,0.5921267014494337,0.19442648622542433,0.07321956393720301,-0.023459006067322256,4715,4
8.02300850165915e-05,0.05,0.6663573410942358,0.5966515504738148,-0.048616629150716975,0.06970579062042101,0.008399488638851295,4715,4
3e-05,0.04,0.6667209850526354,0.5933117255664307,0.19938736045505398,0.07340925948620472,-0.024034984377132064,4715,4
0.00010259855680060184,0.07500000000000001,0.6698200674383418,0.5958888248723075,0.2146122372074948,0.0739312425660342,-0.025579193617316254,4715,4
0.00013120344887319337,0.08499999999999999,0.6704591761158543,0.5964423998126346,0.21671557837815233,0.07401677630321964,-0.025826778315003004,4715,4
3e-05,0.030000000000000002,0.6704959809264173,0.6004568381436799,-0.06477516897515921,0.07003914278273736,0.010897992293642696,4715,4
0.00021456221805898323,0.08,0.6711741016320558,0.6010746592694853,-0.06721552004915513,0.07009944236257046,0.011280453164776563,4715,4
0.0002743830311563958,0.09,0.6724252925688549,0.6022109366421471,-0.0716082950408353,0.07021435592670777,0.011972598141310742,4715,4
0.00010259855680060184,0.055,0.6725787803201156,0.6023500623500697,-0.07213820690841144,0.07022871797004589,0.012056384554228701,4715,4
0.00016778350040221708,0.07,0.673772972130457,0.6034315753355394,-0.07617514334602862,0.07034139679491759,0.01269508139344104,4715,4
6.273837315547647e-05,0.060000000000000005,0.6768999995477227,0.6020568427891745,0.23654066301497018,0.0748431567585483,-0.02812463734178343,4715,4
0.00013120344887319337,0.060000000000000005,0.68158787627649,0.6103594328297983,-0.10519589989732413,0.0712284434466916,0.016923347365998646,4715,4
8.02300850165915e-05,0.07,0.6881777675753311,0.6119951954286038,0.26704513837593885,0.07618257214672727,-0.03154567846469652,4715,4
0.0002743830311563958,0.08499999999999999,0.6885500049217379,0.6165932357145772,-0.12260743747337771,0.07195676920716071,0.019758307265359966,4715,4
0.00021456221805898323,0.07500000000000001,0.6893413868524056,0.6172999778171785,-0.12446754783239777,0.07204140903522711,0.020063503053021882,4715,4
4.906019313555284e-05,0.055,0.6900110818903654,0.6136143987599465,0.2717301510962461,0.0763966831304189,-0.032061077844821616,4715,4
0.00013120344887319337,0.09,0.6902548559399712,0.6138298699074017,0.2723466230234541,0.0764249860325694,-0.0321286844043752,4715,4
0.00010259855680060184,0.08,0.6922979079587755,0.6156372821041747,0.2774562734108629,0.07666062585460087,-0.032687290475112415,4715,4
6.273837315547647e-05,0.04,0.6955128461347531,0.622910832280875,-0.13654590512282888,0.07260201385387814,0.02198624183089199,4715,4
8.02300850165915e-05,0.045,0.6972921007014923,0.624466219422361,-0.1407980436086443,0.07282588127913121,0.02271236488248045,4715,4
0.00016778350040221708,0.065,0.6976960816093176,0.6248189207206917,-0.14175149885722854,0.0728771608886259,0.02287574588902936,4715,4
4.906019313555284e-05,0.035,0.6991767677658256,0.626110195626601,-0.14521119799276114,0.07306657213922468,0.023470319136048537,4715,4
3.83641211819922e-05,0.05,0.7014190805830833,0.6237366167169486,0.29915766366439694,0.07768246386613471,-0.03502334098697686,4715,4
0.00010259855680060184,0.05,0.7035696233834681,0.6299282939631723,-0.15516746117012675,0.07364132942029579,0.02519731759047296,4715,4
6.273837315547647e-05,0.065,0.7088316983143371,0.6303529732930673,0.3156358961801047,0.07847872502126989,-0.036759374749935195,4715,4
3e-05,0.045,0.7093777634135782,0.6308419324298697,0.31680948832232564,0.07853583098370844,-0.036881086170252576,4715,4
3.83641211819922e-05,0.030000000000000002,0.7107382464447225,0.6361233380424377,-0.17051528875210806,0.07461490840228474,0.02790621249444874,4715,4
0.0002743830311563958,0.08,0.7118606455619667,0.6370898441312122,-0.17282362133497037,0.07477080143075451,0.028318950823637314,4715,4
0.00035088212858554386,0.09,0.7138963632131203,0.6388387460123623,-0.17697258225410362,0.07505761720075795,0.029065170564611262,4715,4
0.00013120344887319337,0.055,0.7141419623858319,0.6390491944561424,-0.17747189103237876,0.07509276792968952,0.029155502000053325,4715,4
0.00021456221805898323,0.07,0.7160237277599072,0.6406599742232355,-0.18126735484384973,0.07536375353667164,0.029844087991561276,4715,4
8.02300850165915e-05,0.07500000000000001,0.7185994317821939,0.6391174058550761,0.3360549495455849,0.07948202592711777,-0.03885434247913789,4715,4
0.00010259855680060184,0.08499999999999999,0.7197047203086973,0.6401112533596928,0.338297226393011,0.07959346694900447,-0.03908166902298893,4715,4
0.00016778350040221708,0.060000000000000005,0.728902642448389,0.6516133578872016,-0.20585662488265263,0.07728928456118735,0.034402591467095296,4715,4
4.906019313555284e-05,0.060000000000000005,0.7302794265451289,0.6496276157931968,0.359288503892736,0.08065181075193203,-0.04119283394916712,4715,4
3e-05,0.025,0.7352580953575574,0.656968837840469,-0.21731124472077246,0.07828925751708839,0.036585981822546035,4715,4
0.00035088212858554386,0.08499999999999999,0.7378244006609651,0.6591219668909079,-0.22182684396550467,0.07870243377005731,0.037458724260112805,4715,4
0.0002743830311563958,0.07500000000000001,0.7387943094922309,0.6599341471767634,-0.2235196665147907,0.07886016231546761,0.03778775782311552,4715,4
8.02300850165915e-05,0.04,0.7449561184364653,0.6650781251119897,-0.2340778263450585,0.07987799332447552,0.03986065455431858,4715,4
0.00010259855680060184,0.045,0.7473095897815227,0.6670365935488815,-0.23802259460754113,0.08027299623264131,0.040643462213983184,4715,4
6.273837315547647e-05,0.07,0.7475968879547176,0.6652911472545533,0.3915230821144545,0.08230574070016429,-0.044340858947940064,4715,4
0.00021456221805898323,0.065,0.7478409970984585,0.6674783366808946,-0.2389069595761006,0.08036266041756389,0.04081959495677681,4715,4
6.273837315547647e-05,0.035,0.7497808381581512,0.6690894579608516,-0.24211585829047777,0.08069138019729963,0.04146056738531131,4715,4
3.83641211819922e-05,0.055,0.750385790490038,0.6678226683809494,0.3964989997438182,0.0825631221090886,-0.04481628199853126,4715,4
0.00010259855680060184,0.09,0.7507547738948044,0.6681577259609502,0.3971537132330809,0.08259704793385413,-0.04487877111950159,4715,4
8.02300850165915e-05,0.08,0.7538329663014024,0.6709541730108958,0.4025810338794219,0.0828787932905066,-0.04539640139351672,4715,4
0.00013120344887319337,0.05,0.7554651196969564,0.6737978030547968,-0.25135076825390373,0.0816673166421596,0.04332229770711279,4715,4
4.906019313555284e-05,0.030000000000000002,0.7644721704674561,0.6812126735958736,-0.2656444159052092,0.08325949687158254,0.046242622189071235,4715,4
0.00035088212858554386,0.08,0.7658668276760076,0.6823584909143202,-0.2677850934688878,0.08350833676168733,0.04668750904504242,4715,4
3e-05,0.05,0.7672853319911648,0.6832037229778982,0.42564300526835075,0.08408160901326656,-0.0475611850340057,4715,4
0.0004487094833883728,0.09,0.7683844749597654,0.6844220350549676,-0.27163141747257075,0.08396243990479783,0.047491900055097944,4715,4
0.00016778350040221708,0.055,0.7686894421175796,0.6846716673712492,-0.2720952754877626,0.08401777474633039,0.04758927770112281,4715,4
0.0002743830311563958,0.07,0.7709946328982229,0.6865525328953015,-0.2756096058567382,0.08444210000292143,0.04833157380967881,4715,4
4.906019313555284e-05,0.065,0.7778746659253677,0.6928738800221489,0.4431896786573389,0.08500078590321879,-0.049170551883253866,4715,4
0.00021456221805898323,0.060000000000000005,0.7863622354359949,0.6990032149090639,-0.2983563418999925,0.08735902052693104,0.05324556926623401,4715,4
6.273837315547647e-05,0.07500000000000001,0.7914056758963544,0.7052692006106028,0.4648907153936084,0.08613647528575158,-0.0511171369787176,4715,4
8.02300850165915e-05,0.08499999999999999,0.7929197891131938,0.7066597056179202,0.4672752069958102,0.0862600834952736,-0.05132764973934267,4715,4
3.83641211819922e-05,0.025,0.7938232826716779,0.7050043629656142,-0.30895048611542425,0.08881891970606372,0.055599165786764555,4715,4
0.0004487094833883728,0.08499999999999999,0.7968208349125876,0.7074076840282969,-0.3131362918663171,0.08941315088429068,0.05653989467359387,4715,4
0.00035088212858554386,0.07500000000000001,0.7979544747479281,0.7083144458406917,-0.3147073832485083,0.08964002890723641,0.056895487924093845,4715,4
0.00010259855680060184,0.04,0.8051550580566872,0.7140436208939529,-0.3245254975498266,0.0911114371627343,0.05915214578564449,4715,4
0.00013120344887319337,0.045,0.8078848718736281,0.7162093096948816,-0.3281957236492657,0.09167556217874655,0.06000439141835535,4715,4
3.83641211819922e-05,0.060000000000000005,0.8083462790693723,0.7209222316605586,0.49080976788365577,0.08742404740881374,-0.05328272663189106,4715,4
0.0002743830311563958,0.065,0.8084997888796899,0.7166966734781072,-0.32901854179563583,0.09180311540158274,0.06019615093924187,4715,4
8.02300850165915e-05,0.035,0.8107397545206201,0.718470542628603,-0.3320037434881882,0.09226921189201712,0.060894001196716514,4715,4
0.00016778350040221708,0.05,0.8172655523636594,0.7236258901660902,-0.34059790497664844,0.09363966219756908,0.06292101879649974,4715,4
6.273837315547647e-05,0.030000000000000002,0.8275440750154226,0.7317069639528092,-0.3538482272943034,0.09583711106261344,0.06610073404554516,4715,4
0.0004487094833883728,0.08,0.8291142005474365,0.7329373530810369,-0.35584258972172955,0.09617684746639955,0.06658523864600271,4715,4
0.0005738114998740221,0.09,0.8319552214928853,0.7351612579989659,-0.35943081024538204,0.0967939634939193,0.06746088916757362,4715,4
0.00021456221805898323,0.055,0.8322994592322214,0.7354304791729489,-0.359863700880023,0.09686898005927246,0.06756692986936774,4715,4
4.906019313555284e-05,0.07,0.8328897126271024,0.7436782706777119,0.52670594874664,0.08921144194939058,-0.056197779247141484,4715,4
0.00035088212858554386,0.07,0.834924837170205,0.7374821603921664,-0.36315340581779293,0.09744267677803861,0.06837518971813783,4715,4
3e-05,0.055,0.8367210736864767,0.747234498755979,0.5321696453899777,0.08948657493049773,-0.056638001257877976,4715,4
8.02300850165915e-05,0.09,0.8372262441334594,0.747703478579484,0.532887690504514,0.08952276555397534,-0.05669574910859892,4715,4
6.273837315547647e-05,0.08,0.8414261759702548,0.7516035832565451,0.5388327753826767,0.08982259271370975,-0.057172779217095626,4715,4
0.0002743830311563958,0.060000000000000005,0.8524252786360558,0.7510940671633778,-0.3845903466748584,0.101331211472678,0.0737348508085777,4715,4
4.906019313555284e-05,0.025,0.8608673468595126,0.7576222267514052,-0.3945858531272405,0.1032451201081074,0.07630606039465244,4715,4
0.0005738114998740221,0.08499999999999999,0.8642425380840838,0.7602243050808032,-0.3985248887141208,0.10401823300328057,0.07733384260367977,4715,4
0.0004487094833883728,0.07500000000000001,0.8655147256407008,0.7612040232566897,-0.4000029745920693,0.10431070238401102,0.07772115643085244,4715,4
0.00013120344887319337,0.04,0.8735454267809557,0.7673466513637628,-0.40929914851391314,0.10619877541719293,0.08019365244126708,4715,4
3.83641211819922e-05,0.065,0.8736970330094709,0.7816457994467967,0.5832967969091436,0.09205123356267417,-0.06064291996244626,4715,4
0.00016778350040221708,0.045,0.8765900870365112,0.7696717588208024,-0.4127507701890764,0.10691832821570882,0.08112760713546806,4715,4
0.00035088212858554386,0.065,0.877275059972431,0.7701943613690008,-0.4135246004617091,0.10708069860343027,0.08133775409083092,4715,4
0.00010259855680060184,0.035,0.8797679378813964,0.7720949777332897,-0.41633234100072464,0.10767296014810664,0.08210245984321755,4715,4
0.00021456221805898323,0.05,0.8870099125400351,0.7776039628998287,-0.4244112011063628,0.10940594964020643,0.08432398351709951,4715,4
4.906019313555284e-05,0.07500000000000001,0.8909712766524122,0.7977407904620373,0.6065164645556713,0.09323048619037487,-0.062430840482143764,4715,4
6.273837315547647e-05,0.08499999999999999,0.8928710678821298,0.7995114433782279,0.6090517895336518,0.09335962450390185,-0.06262485063934281,4715,4
8.02300850165915e-05,0.030000000000000002,0.8983521915845821,0.7861922248079349,-0.43685889109829956,0.11215996677664722,0.08780895472237368,4715,4
0.0005738114998740221,0.08,0.9000778427742084,0.7874945917780486,-0.43873046145093425,0.11258325099615984,0.08833998749204702,4715,4
0.0007337924638929234,0.09,0.9031957258434475,0.7898448119615336,-0.4420984376824817,0.11335091388191394,0.08930010848205779,4715,4
0.0002743830311563958,0.055,0.9035730693920956,0.7901290230131287,-0.4425048401350188,0.11344404637896682,0.08941633555424877,4715,4
0.0004487094833883728,0.07,0.9064483383013016,0.7922929163376449,-0.4455936591992792,0.11415542196365665,0.09030233821462866,4715,4
3e-05,0.060000000000000005,0.9113942969394545,0.8168246693957424,0.6331468954624866,0.0945696275437121,-0.06442661046142686,4715,4
0.00035088212858554386,0.060000000000000005,0.9254375160726247,0.8065115770235826,-0.4656240036661128,0.11892593904904211,0.09616851527701673,4715,4
6.273837315547647e-05,0.025,0.9345145752591563,0.813262325934002,-0.4749716441965628,0.12125224932515423,0.09898302406897008,4715,4
0.0007337924638929234,0.08499999999999999,0.9381813707315573,0.8159501727178295,-0.4786678320926846,0.12223119801372777,0.10013855029900565,4715,4
0.0005738114998740221,0.07500000000000001,0.9395625284246996,0.816961324785623,-0.4800548012160479,0.12260120363907656,0.10057426196642064,4715,4
3.83641211819922e-05,0.07,0.9402184882381583,0.8438102203039985,0.6699729073912483,0.09640826793415978,-0.06710805653959247,4715,4
6.273837315547647e-05,0.09,0.9452315136591869,0.8485051639890232,0.6763540081683453,0.09672634967016373,-0.06756610215002534,4715,4
0.00016778350040221708,0.04,0.9482471033781152,0.823303633750789,-0.48871348885946114,0.12494346962732628,0.10332158312186351,4715,4
4.906019313555284e-05,0.08,0.9500962084884883,0.8530640870675492,0.6825152023300527,0.0970321214209391,-0.06800489324990311,4715,4
0.00021456221805898323,0.045,0.9515192123572294,0.8256863146073143,-0.4919485801957697,0.125832897749915,0.10436060488346016,4715,4
0.0004487094833883728,0.065,0.952254848602065,0.8262214572677685,-0.4926739274184898,0.12603339133429642,0.10459441504430408,4715,4
0.00013120344887319337,0.035,0.9549300837806591,0.8281659319051636,-0.4953055218147998,0.12676415187549553,0.10544537320462433,4715,4
0.0002743830311563958,0.05,0.9626868229281875,0.8337902666086355,-0.502881154295463,0.12889655631955196,0.10791780358394737,4715,4
0.00010259855680060184,0.030000000000000002,0.9748758045079152,0.8426061558478636,-0.5145818027603607,0.13226964866005167,0.11179824566150737,4715,4
0.0007337924638929234,0.08,0.9767444366128906,0.8439574813016462,-0.5163480133224594,0.13278695531124446,0.11239019414696402,4715,4
0.0009383767669073588,0.09,0.9801190114034933,0.8463955007716941,-0.5195268882341714,0.13372351063179921,0.11345990739330916,4715,4
0.00035088212858554386,0.055,0.980527186432961,0.8466901480869364,-0.5199104938142466,0.13383703834602456,0.11358940729716102,4715,4
0.0005738114998740221,0.07,0.9836356808891089,0.8489326515995615,-0.5228255322984876,0.13470302928954736,0.11457627154478811,4715,4
3e-05,0.065,0.987503085983642,0.8882106660942815,0.7289217857654151,0.0992924198893606,-0.07120473420501508,4715,4
0.0004487094833883728,0.060000000000000005,1.0042199830527738,0.8637320632859777,-0.5419119185077377,0.14048791976679614,0.12111606109346909,4715,4
3.83641211819922e-05,0.07500000000000001,1.0103450895420112,0.9098650228230887,0.755391285400092,0.10048006671892262,-0.07285742487792213,4715,4
4.906019313555284e-05,0.08499999999999999,1.0126140003676578,0.9120042629889691,0.7581209282657002,0.10060973737868864,-0.0730367584500278,4715,4
8.02300850165915e-05,0.025,1.0140132726124031,0.8707266252685489,-0.5508342336028597,0.14328664734385424,0.12425088956375238,4715,4
0.0009383767669073588,0.08499999999999999,1.0183350187074138,0.8735427067797228,-0.5544193386496842,0.14479231192769104,0.1257760890941427,4715,4
0.0007337924638929234,0.07500000000000001,1.019987836871152,0.8746059239867724,-0.5557701846926102,0.1453819128843794,0.12636612593710367,4715,4
0.00021456221805898323,0.04,1.0394539983013202,0.8821748046200105,-0.5648923581241954,0.15727919368130983,0.13570421924605336,4715,4
0.0002743830311563958,0.045,1.0430064172348072,0.8846462551474847,-0.5680264289642492,0.15836016208732243,0.13687657093342886,4715,4
0.0005738114998740221,0.065,1.0437968296660363,0.8851931394353623,-0.5687274817857175,0.15860369023067394,0.13714041197107682,4715,4
0.00016778350040221708,0.035,1.0466739280370057,0.8871830556275556,-0.5712562628097598,0.15949087240944992,0.13810075479542425,4715,4
0.00035088212858554386,0.05,1.0550029662672382,0.8929268925395114,-0.578478732086534,0.16207607372772684,0.14089226550325473,4715,4
0.00013120344887319337,0.030000000000000002,1.067988379659835,0.901833216522523,-0.5895985722175879,0.166155163137312,0.14527588167301533,4715,4
3e-05,0.07,1.0683354505497062,0.9647000977083837,0.8237815412149744,0.10363535284132261,-0.07715348786341664,4715,4
0.0009383767669073588,0.08,1.0699593739650846,0.9031801622536392,-0.5912735673917701,0.1667792117114454,0.1459445892292619,4715,4
0.0012,0.09,1.073517719647716,0.905608605198416,-0.5942884721155239,0.16790911444929998,0.14715395119135993,4715,4
0.0004487094833883728,0.055,1.0739480245742687,0.9059019908909562,-0.5946522767154838,0.16804603368331253,0.1473003781330933,4715,4
4.906019313555284e-05,0.09,1.0741400954941214,0.9701918361497996,0.8305969573541013,0.1039482593443218,-0.077572882951027,4715,4
0.0007337924638929234,0.07,1.0772250653882032,0.9081343126629503,-0.5974174756381806,0.16909075272525276,0.14841679497002877,4715,4
3.83641211819922e-05,0.08,1.0797325851938988,0.9754838568460683,0.8371874291163897,0.1042487283478306,-0.07797465866495693,4715,4
0.0005738114998740221,0.060000000000000005,1.0987903888902946,0.9227127517332286,-0.6153385822516296,0.17607763715706598,0.15584649069822504,4715,4
0.00010259855680060184,0.025,1.1090353996471307,0.9295667908657558,-0.6236911235603687,0.17946860878137502,0.1594308075881636,4715,4
0.0012,0.08499999999999999,1.1131145686513175,0.9322856188951956,-0.6269919844305293,0.18082894975612207,0.160864981682575,4715,4
0.0009383767669073588,0.07500000000000001,1.1146498786728056,0.9333075176958018,-0.6282308204320597,0.18134236097700382,0.1614057835215803,4715,4
0.0002743830311563958,0.04,1.124180491064581,0.9396968994254905,-0.6359567107268702,0.1844835916390904,0.16474637700432265,4715,4
0.00035088212858554386,0.045,1.1277670189461624,0.9420955908305249,-0.638843513037028,0.18567142811563764,0.16600751983033474,4715,4
0.0007337924638929234,0.065,1.1285731802577776,0.9426341254337788,-0.6394908956769224,0.1859390548239989,0.16629141521032825,4715,4
0.00021456221805898323,0.035,1.1315030893614897,0.9445898997956544,-0.6418400047596472,0.18691318956583536,0.1673243551284309,4715,4
0.0004487094833883728,0.05,1.1399828143377553,0.9502344566596402,-0.6486011324076397,0.1897483576781151,0.170325572440767,4715,4
3e-05,0.07500000000000001,1.1450968022820114,1.0374801745014173,0.912860202688572,0.10761662778059408,-0.08241856589967836,4715,4
3.83641211819922e-05,0.08499999999999999,1.147620117092565,1.0398774932920738,0.9157604527395604,0.10774262380049136,-0.08258282355390399,4715,4
0.00016778350040221708,0.030000000000000002,1.1531070089037057,0.9588950295057576,-0.6589971956277011,0.19421197939794807,0.1750360002311714,4715,4
0.0012,0.08,1.1550915614807264,0.9601978005518715,-0.6605597537299116,0.19489376092885502,0.17575396378774452,4715,4
0.0005738114998740221,0.055,1.15911096491662,0.9628292252631803,-0.6637117461635234,0.19628173965343976,0.17721428500522862,4715,4
0.0009383767669073588,0.07,1.1624115453574442,0.9649851789969841,-0.6662904499712102,0.19742636636046015,0.1784173368293954,4715,4
0.0007337924638929234,0.060000000000000005,1.1840927150104812,0.9790594671586962,-0.6830377465415589,0.2050332478517849,0.18638732969309613,4715,4
0.00013120344887319337,0.025,1.1943673821391272,0.985672711576201,-0.690857231049791,0.20869467056292626,0.19020869384734065,4715,4
0.0012,0.07500000000000001,1.199992570801224,0.9892778898977262,-0.6951073462996984,0.21071468090349768,0.19231311051639838,4715,4
0.00035088212858554386,0.04,1.209645082053046,0.9954385298073489,-0.7023493031101933,0.21420655224569704,0.1959447449430069,4715,4
0.0004487094833883728,0.045,1.2132750901354747,0.9977471945397861,-0.7050555848238786,0.21552789559568863,0.1973170439477811,4715,4
0.0009383767669073588,0.065,1.2140911553926044,0.9982658311893676,-0.7056626917871942,0.2158253242032367,0.19762579620487006,4715,4
3.83641211819922e-05,0.09,1.216359999111104,1.1053714829038908,0.9935102597350689,0.11098851620721323,-0.08676841415438685,4715,4
0.0002743830311563958,0.035,1.2170571155398908,1.0001494779374578,-0.7078669975156727,0.21690763760243303,0.19874884219766933,4715,4
3e-05,0.08,1.2226742592608433,1.111394180991636,1.0006176969845766,0.11128007826920733,-0.0871404196557806,4715,4
0.0005738114998740221,0.05,1.225642518809309,1.0055843671149254,-0.7142137534080016,0.2200581516943837,0.2020141823200901,4715,4
0.00021456221805898323,0.030000000000000002,1.2395621587688068,1.014045516294475,-0.7240355674529869,0.22551664247433173,0.207487068665502,4715,4
0.0007337924638929234,0.055,1.2459960100468563,1.017911204965891,-0.7285095042693588,0.2280848050809654,0.21004394222859624,4715,4
0.0012,0.07,1.249538122178153,1.0200326574944327,-0.7309622455776059,0.2295054646837203,0.21145627819286364,4715,4
0.0009383767669073588,0.060000000000000005,1.2727879964485516,1.0338598762990234,-0.7468890862531014,0.23892812014952808,0.22078739679867146,4715,4
0.00016778350040221708,0.025,1.2838298965720283,1.040345042025493,-0.7543086183427938,0.24348485454653543,0.2252783551628634,4715,4
3e-05,0.08499999999999999,1.2994386067415347,1.1847713761557808,1.08868836644878,0.114667230585754,-0.091414017638455,4715,4
0.0004487094833883728,0.04,1.3003196876397132,1.0499381410148285,-0.7652495223136504,0.2503815466248847,0.2320503635327264,4715,4
0.0005738114998740221,0.045,1.3042513855377238,1.0522105430384954,-0.767835645090768,0.2520408424992285,0.23367541867199687,4715,4
0.0012,0.065,1.3051358857951958,1.0527204914252113,-0.7684155904685238,0.2524153943699844,0.23404183165829232,4715,4
0.00035088212858554386,0.035,1.3083542684297378,1.0545752581971912,-0.7705223079965142,0.2537790102325466,0.23537547560772293,4715,4
0.0007337924638929234,0.05,1.3178265947213572,1.0600693633643878,-0.7767364517188505,0.2577572313569695,0.23925907035274768,4715,4
0.0002743830311563958,0.030000000000000002,1.3325766750820405,1.0685234415464213,-0.7862146458700412,0.26405323353561905,0.24538554321050277,4715,4
0.0009383767669073588,0.055,1.3393488884646203,1.0723685467104718,-0.7905033408106164,0.2669803417541484,0.24822534705235136,4715,4
0.0012,0.060000000000000005,1.3675232322050344,1.088077127843079,-0.8080276949528422,0.2794461043619553,0.26025842405086425,4715,4
3e-05,0.09,1.3766367080624244,1.2587982426682947,1.1704822840507887,0.11783846539412979,-0.09533554960105053,4715,4
0.00021456221805898323,0.025,1.37910462073471,1.0943833195872563,-0.8151104427561728,0.28472130114745364,0.265320361903967,4715,4
0.0005738114998740221,0.04,1.396433097961038,1.1036951188125188,-0.8255375677905186,0.2927379791485192,0.2729786989410997,4715,4
0.0007337924638929234,0.045,1.400572974962048,1.1058986143352347,-0.8280004565792018,0.29467436062681324,0.27482217080046256,4715,4
0.0004487094833883728,0.035,1.4048956975723579,1.1081913158779717,-0.8305609107025886,0.29670438169438623,0.27675210506815673,4715,4
0.0009383767669073588,0.05,1.4150809607094161,1.1137582030241635,-0.8370259567422279,0.3013227576852525,0.28116990504176614,4715,4
0.00035088212858554386,0.030000000000000002,1.4309565986721242,1.1225908901505726,-0.8463735333747144,0.30836570852155165,0.28797295625336694,4715,4
0.0012,0.055,1.4378782779811479,1.1262423400485502,-0.8504012995976594,0.31163593793259764,0.2911243120727115,4715,4
0.0002743830311563958,0.025,1.5123070194279662,1.1494483734069305,-0.8749174804985389,0.3628586460210356,0.330675186974,4715,4
0.0007337924638929234,0.04,1.5292399536068928,1.1585523657955128,-0.8849178052112587,0.37068758781138006,0.338457770173594,4715,4
0.0009383767669073588,0.045,1.5332198607452618,1.1606586251776798,-0.8872145475379112,0.3725612355675821,0.34031892782823536,4715,4
0.0005738114998740221,0.035,1.5373639065994669,1.1628460701344678,-0.8895979875200838,0.3745178364649991,0.34226192840216096,4715,4
0.0012,0.05,1.5469765856813573,1.1679975037525574,-0.8953753087196858,0.3789790819287999,0.3466900827699543,4715,4
0.0004487094833883728,0.030000000000000002,1.5616731076055594,1.1756875353914074,-0.9037587054866886,0.3859855722141522,0.35363896750623847,4715,4
0.00035088212858554386,0.025,1.6084651117576467,1.199485393734087,-0.9296056766273283,0.40897971802355965,0.3765301445312905,4715,4
0.0009383767669073588,0.04,1.6258205571426934,1.2080969740094682,-0.9388721365775242,0.417723583133225,0.3852285035696582,4715,4
0.0012,0.045,1.6299166541835812,1.2101337080238683,-0.9410615216188185,0.419782946159713,0.3872673361750667,4715,4
0.0007337924638929234,0.035,1.6341645877145088,1.2122484814753256,-0.9433330717689605,0.4219161062391831,0.3893742428743717,4715,4
0.0005738114998740221,0.030000000000000002,1.6590893682626147,1.22468603047552,-0.9568720150766743,0.43440333778709467,0.4016963390391972,4715,4
0.0004487094833883728,0.025,1.7065376347251984,1.2476676750603788,-0.9812532168813501,0.45886995966481964,0.4257905699738741,4715,4
0.0012,0.04,1.7241460418731118,1.256023809600875,-0.9900687397241604,0.4681222322722368,0.4348889435940693,4715,4
0.0009383767669073588,0.035,1.7326950923093927,1.2600480570923316,-0.9942991430425903,0.4726470352170611,0.4393361398577556,4715,4
0.0007337924638929234,0.030000000000000002,1.7580276112779103,1.2718408072761689,-1.0066554858042014,0.4861868040017413,0.4526348316739611,4715,4
0.0005738114998740221,0.025,1.8087708898856465,1.2943238275213,-1.030362722334754,0.5144470623643463,0.48078192208116055,4715,4
0.0012,0.035,1.835743847839251,1.3061712973616273,-1.042662487451219,0.5295725504776236,0.4956754292904654,4715,4
0.0009383767669073588,0.030000000000000002,1.8619025967832914,1.3174632442279866,-1.0543294582671863,0.5444393525553048,0.5103038117135597,4715,4
0.0007337924638929234,0.025,1.9120665007521827,1.3386010761274691,-1.0761560595896726,0.5734654246247134,0.5388065999307086,4715,4
0.0012,0.030000000000000002,1.966559379299059,1.360741204348909,-1.099092371887328,0.60581817495015,0.5705596880396508,4715,4
0.0009383767669073588,0.025,2.018155249631661,1.3809040082769244,-1.1198204732447081,0.6372512413547364,0.6013764160790324,4715,4
0.0012,0.025,2.1283145900740026,1.4209393243236954,-1.160909250081155,0.707375265750307,0.6702404873664451,4715,4
