station,meas_wse
4894.123,348.842
4893.123,348.842
4892.123,348.842
4891.123,348.842
4890.123,348.842
4889.123,348.842
4888.122,348.842
4887.122,348.842
4886.122,348.842
4885.122,348.842
4884.122,348.842
4883.122,348.842
4882.121,348.842
4881.121,348.842
4880.121,348.842
4879.121,348.842
4878.121,348.842
4877.121,348.842
4876.121,348.842
4875.12,348.842
4874.12,348.842
4873.12,348.842
4872.12,348.842
4871.12,348.842
4870.12,348.842
4869.12,348.842
4868.119,348.842
4867.119,348.842
4866.119,348.842
4865.119,348.842
4864.119,348.842
4863.119,348.842
4862.118,348.842
4861.118,348.842
4860.118,348.842
4859.118,348.842
4859.079,348.645
4858.118,348.842
4857.118,348.842
4856.118,348.842
4855.117,348.842
4854.117,348.842
4853.117,348.842
4852.117,348.842
4851.117,348.842
4850.117,348.842
4849.116,348.842
4848.116,348.842
4847.116,348.842
4846.116,348.842
4845.116,348.842
4844.116,348.842
4843.116,348.842
4842.115,348.842
4841.115,348.842
4840.115,348.842
4839.115,348.842
4838.115,348.842
4837.115,348.842
4836.114,348.842
4835.114,348.842
4834.114,348.842
4833.114,348.842
4832.114,348.842
4831.114,348.842
4830.114,348.842
4829.113,348.842
4828.113,348.842
4827.113,348.842
4826.113,348.842
4825.113,348.842
4824.113,348.842
4823.112,348.842
4822.112,348.842
4821.112,348.842
4820.112,348.842
4819.112,348.842
4818.112,348.842
4817.112,348.842
4816.111,348.842
4815.111,348.842
4814.111,348.842
4813.111,348.842
4812.111,348.842
4811.111,348.842
4810.11,348.842
4809.11,348.842
4808.11,348.842
4807.11,348.842
4806.11,348.842
4805.11,348.842
4804.11,348.842
4803.109,348.842
4802.109,348.842
4801.109,348.842
4800.109,348.842
4799.109,348.842
4798.109,348.842
4797.108,348.842
4796.108,348.842
4795.108,348.842
4794.108,348.842
4793.108,348.842
4792.108,348.842
4791.108,348.842
4790.107,348.842
4789.107,348.842
4788.107,348.842
4787.107,348.842
4786.107,348.842
4785.107,348.842
4784.106,348.842
4783.106,348.842
4782.106,348.842
4781.106,348.842
4780.106,348.842
4779.106,348.842
4778.106,348.842
4777.105,348.842
4776.105,348.742
4775.105,348.742
4774.105,348.742
4773.105,348.742
4772.105,348.742
4771.104,348.742
4770.104,348.742
4769.104,348.742
4768.104,348.642
4767.104,348.642
4766.104,348.742
4765.104,348.742
4764.103,348.742
4763.103,348.742
4762.103,348.742
4761.103,348.742
4760.103,348.742
4759.103,348.742
4758.102,348.742
4757.102,348.742
4756.102,348.742
4755.102,348.742
4754.102,348.742
4753.102,348.742
4752.102,348.742
4751.101,348.742
4750.101,348.742
4749.101,348.742
4748.101,348.742
4747.101,348.642
4746.101,348.642
4745.1,348.742
4744.1,348.692
4743.1,348.742
4742.1,348.742
4741.1,348.642
4740.1,348.642
4739.1,348.642
4738.099,348.642
4737.099,348.642
4736.099,348.642
4735.099,348.642
4734.099,348.642
4733.099,348.642
4732.098,348.642
4731.098,348.642
4730.098,348.642
4729.098,348.642
4728.098,348.642
4727.098,348.642
4726.098,348.642
4725.097,348.642
4724.097,348.642
4723.097,348.642
4722.097,348.642
4721.097,348.642
4720.097,348.642
4719.096,348.642
4718.096,348.642
4717.096,348.642
4716.096,348.642
4713.096,348.642
4712.095,348.642
4711.095,348.642
4710.095,348.642
4709.095,348.642
4708.095,348.642
4707.095,348.642
4706.094,348.642
4705.094,348.642
4704.094,348.642
4703.094,348.642
4702.094,348.642
4701.094,348.642
4700.094,348.642
4699.093,348.642
4698.093,348.642
4697.093,348.642
4696.093,348.642
4695.093,348.642
4694.093,348.642
4693.092,348.643
4692.092,348.643
4691.092,348.643
4690.092,348.643
4689.092,348.643
4688.092,348.643
4687.092,348.643
4686.091,348.643
4685.091,348.643
4684.091,348.643
4683.091,348.643
4682.091,348.643
4681.091,348.643
4680.091,348.643
4679.09,348.643
4678.09,348.643
4677.09,348.643
4676.09,348.643
4675.09,348.643
4674.09,348.643
4673.089,348.643
4672.089,348.643
4671.089,348.643
4670.089,348.643
4669.089,348.643
4668.089,348.643
4667.089,348.643
4666.088,348.643
4665.088,348.643
4664.088,348.643
4663.088,348.643
4662.088,348.643
4661.088,348.643
4660.087,348.643
4659.087,348.643
4658.087,348.643
4657.087,348.643
4656.087,348.643
4655.087,348.643
4654.087,348.643
4653.086,348.643
4652.086,348.643
4651.086,348.643
4650.086,348.643
4649.086,348.643
4648.086,348.643
4647.085,348.643
4646.085,348.643
4645.085,348.643
4644.085,348.643
4643.085,348.543
4642.085,348.643
4641.085,348.643
4640.084,348.643
4639.084,348.543
4638.084,348.643
4637.084,348.593
4636.084,348.643
4635.084,348.643
4634.083,348.643
4633.083,348.643
4632.083,348.643
4631.083,348.643
4630.083,348.643
4629.083,348.643
4628.083,348.643
4627.082,348.643
4626.082,348.643
4625.082,348.643
4624.082,348.593
4623.082,348.643
4622.082,348.643
4621.081,348.643
4620.081,348.643
4619.081,348.643
4618.081,348.643
4617.081,348.643
4616.081,348.643
4615.081,348.643
4614.08,348.643
4613.08,348.643
4612.08,348.643
4611.08,348.643
4610.08,348.643
4609.08,348.643
4608.079,348.643
4607.079,348.643
4606.079,348.643
4510.064,348.147
4509.064,348.047
4508.064,348.047
4507.064,348.047
4506.064,348.047
4505.064,348.047
4504.064,348.047
4503.063,348.047
4502.063,348.047
4501.063,348.047
4500.063,348.047
4499.063,348.047
4498.063,348.047
4497.062,348.047
4496.062,347.947
4495.062,347.947
4494.062,347.947
4493.062,347.947
4492.062,347.947
4491.062,347.947
4490.061,347.947
4489.061,347.947
4488.061,347.947
4487.061,347.947
4486.061,347.947
4485.061,347.947
4484.06,347.947
4483.06,347.947
4482.06,347.947
4481.06,347.947
4480.06,347.947
4479.06,347.947
4478.06,347.947
4477.059,347.947
4476.059,347.947
4475.059,347.947
4474.059,347.947
4473.059,347.947
4472.059,347.947
4471.058,347.947
4470.058,347.947
4469.058,347.947
4468.058,347.947
4467.058,347.947
4466.058,347.947
4465.058,347.947
4464.057,347.947
4463.057,347.947
4462.057,347.947
4461.057,347.947
4460.057,347.947
4459.057,347.947
4458.056,347.947
4457.056,347.947
4456.056,347.947
4455.056,347.947
4454.056,347.947
4453.056,347.947
4452.056,347.947
4451.055,347.947
4450.055,347.837
4449.055,347.947
4448.055,347.947
4447.055,347.947
4446.055,347.947
4445.054,347.837
4444.054,347.947
4443.054,347.892
4442.054,347.837
4441.054,347.947
4440.054,347.947
4439.054,347.837
4438.053,347.837
4437.053,347.837
4436.053,347.837
4435.053,347.837
4434.053,347.837
4433.053,347.837
4432.052,347.837
4431.052,347.837
4430.052,347.947
4429.052,347.837
4428.052,347.837
4427.052,347.837
4426.052,347.837
4425.051,347.837
4424.051,347.837
4423.051,347.837
4422.051,347.837
4421.051,347.837
4420.051,347.837
4419.05,347.837
4418.05,347.837
4417.05,347.837
4416.05,347.837
4415.05,347.837
4414.05,347.837
4413.05,347.837
4412.049,347.837
4411.049,347.837
4410.049,347.787
4409.049,347.737
4408.049,347.737
4407.049,347.837
4406.048,347.837
4405.048,347.737
4404.048,347.737
4403.048,347.787
4402.048,347.787
4401.048,347.837
4400.048,347.837
4399.047,347.737
4398.047,347.787
4397.047,347.737
4396.047,347.737
4395.047,347.737
4394.047,347.737
4393.046,347.737
4392.046,347.737
4391.046,347.737
4390.046,347.737
4389.046,347.737
4388.046,347.737
4387.046,347.787
4386.045,347.787
4385.045,347.737
4384.045,347.737
4383.045,347.737
4382.045,347.737
4381.045,347.787
4380.044,347.737
4379.044,347.737
4378.044,347.737
4377.044,347.737
4376.044,347.737
4375.044,347.737
4374.044,347.737
4373.043,347.737
4372.043,347.737
4371.043,347.837
4370.043,347.737
4369.043,347.737
4368.043,347.737
4367.042,347.737
4366.042,347.737
4365.042,347.637
4364.042,347.737
4363.042,347.737
4362.042,347.737
4361.042,347.737
4360.041,347.737
4359.041,347.637
4358.041,347.737
4357.041,347.737
4356.041,347.637
4355.041,347.637
4354.04,347.637
4353.04,347.637
4352.04,347.637
4351.04,347.637
4350.04,347.637
4349.04,347.637
4348.04,347.637
4347.039,347.637
4346.039,347.637
4345.039,347.637
4344.039,347.637
4343.039,347.587
4342.039,347.637
4341.038,347.537
4340.038,347.637
4339.038,347.637
4338.038,347.587
4337.038,347.637
4336.038,347.537
4335.038,347.537
4334.037,347.537
4333.037,347.537
4332.037,347.537
4331.037,347.537
4330.037,347.537
4329.037,347.537
4328.036,347.537
4327.036,347.537
4326.036,347.537
4325.036,347.537
4324.036,347.537
4323.036,347.537
4322.036,347.537
4321.035,347.537
4320.035,347.537
4319.035,347.537
4318.035,347.537
4317.035,347.537
4316.035,347.537
4315.035,347.537
4314.034,347.537
4313.034,347.537
4312.034,347.537
4311.034,347.437
4310.034,347.437
4309.034,347.537
4308.033,347.437
4307.033,347.437
4306.033,347.437
4305.033,347.437
4304.033,347.437
4303.033,347.437
4302.033,347.437
4301.032,347.437
4300.032,347.437
4299.032,347.437
4298.032,347.437
4297.032,347.437
4296.032,347.437
4295.031,347.437
4294.031,347.387
4293.031,347.437
4292.031,347.437
4291.031,347.437
4290.031,347.437
4289.031,347.437
4288.03,347.437
4287.03,347.437
4286.03,347.437
4285.03,347.437
4284.03,347.437
4283.03,347.437
4282.029,347.437
4281.029,347.437
4280.029,347.437
4279.029,347.387
4278.029,347.337
4277.029,347.387
4276.029,347.337
4275.028,347.337
4274.028,347.337
4273.028,347.337
4272.028,347.437
4271.028,347.337
4270.028,347.437
4269.027,347.337
4268.027,347.387
4267.027,347.437
4266.027,347.387
4265.027,347.337
4264.027,347.338
4263.027,347.338
4262.026,347.338
4261.026,347.438
4260.026,347.338
4259.026,347.338
4258.026,347.338
4257.026,347.338
4256.025,347.338
4255.025,347.338
4254.025,347.338
4253.025,347.438
4252.025,347.338
4251.025,347.338
4250.025,347.338
4249.024,347.338
4248.024,347.338
4247.024,347.388
4246.024,347.338
4245.024,347.338
4244.024,347.438
4243.023,347.438
4242.023,347.388
4241.023,347.338
4240.023,347.338
4239.023,347.388
4238.023,347.338
4237.023,347.338
4236.022,347.338
4235.022,347.238
4234.022,347.338
4233.022,347.338
4232.022,347.338
4231.022,347.338
4230.021,347.338
4229.021,347.338
4228.021,347.338
4227.021,347.438
4226.021,347.438
4225.021,347.388
4224.021,347.338
4223.02,347.338
4222.02,347.338
4221.02,347.338
4220.02,347.338
4219.02,347.338
4218.02,347.338
4217.019,347.338
4216.019,347.338
4215.019,347.338
4214.019,347.338
4213.019,347.338
4212.019,347.238
4211.019,347.238
4210.018,347.338
4209.018,347.288
4208.018,347.338
4207.018,347.338
4206.018,347.338
4205.018,347.338
4204.017,347.438
4203.017,347.538
4202.017,347.338
4201.017,347.338
4200.017,347.338
4199.017,347.338
4198.017,347.438
4197.016,347.338
4196.016,347.438
4195.016,347.438
4194.016,347.438
4193.016,347.338
4192.016,347.438
4191.015,347.438
4190.015,347.438
4189.015,347.488
4188.015,347.238
4187.015,347.338
4186.015,347.338
4185.015,347.338
4184.014,347.338
4183.014,347.338
4182.014,347.338
4181.014,347.338
4180.014,347.338
4179.014,347.338
4178.013,347.338
4177.013,347.238
4176.013,347.488
4175.013,347.338
4174.013,347.238
4173.013,347.338
4172.013,347.238
4171.012,347.238
4170.012,347.338
4169.012,347.338
4168.012,347.438
4167.012,347.338
4166.012,347.438
4165.011,347.608
4164.011,347.336
4163.011,347.336
4162.011,347.427
4161.011,347.336
4160.011,347.397
4159.011,347.382
4158.01,347.336
4157.01,347.336
4156.01,347.336
4155.01,347.328
4154.01,347.293
4153.01,347.243
4152.009,347.238
4151.009,347.338
4150.009,347.238
4149.009,347.237
4148.009,347.238
4147.009,347.238
4146.009,347.238
4145.008,347.238
4144.008,347.238
4143.008,347.238
4142.008,347.238
4141.008,347.238
4140.008,347.238
4139.007,347.238
4138.007,347.237
4137.007,347.238
4136.007,347.237
4135.007,347.237
4134.007,347.236
4133.007,347.237
4132.006,347.236
4131.006,347.237
4130.006,347.237
4129.006,347.236
4128.006,347.236
4127.006,347.237
4126.006,347.236
4125.005,347.236
4124.005,347.238
4123.005,347.237
4122.005,347.237
4121.005,347.237
4120.005,347.238
4119.004,347.237
4118.004,347.237
4117.004,347.237
4116.004,347.237
4115.004,347.238
4114.004,347.237
4113.004,347.237
4112.003,347.237
4111.003,347.237
4110.003,347.237
4109.003,347.237
4108.003,347.237
4107.003,347.237
4106.002,347.237
4105.002,347.237
4104.002,347.238
4103.002,347.237
4102.002,347.237
4101.002,347.237
4100.002,347.238
4099.001,347.237
4098.001,347.238
4097.001,347.237
4096.001,347.238
4095.001,347.238
4094.001,347.238
4093.0,347.239
4092.0,347.237
4091.0,347.139
4090.0,347.139
4089.0,347.139
4088.0,347.139
4087.0,347.139
4085.999,347.237
4084.999,347.237
4083.999,347.188
4082.999,347.139
4081.999,347.139
4080.999,347.139
4079.998,347.138
4078.998,347.138
4077.998,347.138
4076.998,347.138
4075.998,347.138
4074.998,347.138
4073.998,347.139
4072.997,347.137
4071.997,347.139
4070.997,347.137
4069.997,347.138
4068.997,347.137
4067.997,347.138
4066.996,347.137
4065.996,347.139
4064.996,347.139
4063.996,347.138
4062.996,347.139
4061.996,347.139
4060.996,347.137
4059.995,347.137
4058.995,347.137
4057.995,347.138
4056.995,347.137
4055.995,347.137
4054.995,347.237
4053.994,347.139
4052.994,347.137
4051.994,347.137
4050.994,347.137
4049.994,347.137
4048.994,347.137
4047.994,347.137
4046.993,347.138
4045.993,347.137
4044.993,347.138
4043.993,347.138
4042.993,347.138
4041.993,347.138
4040.992,347.138
4039.992,347.138
4038.992,347.139
4037.992,347.138
4036.992,347.139
4035.992,347.139
4034.992,347.139
4033.991,347.138
4032.991,347.139
4031.991,347.138
4030.991,347.139
4029.991,347.139
4028.991,347.138
4027.99,347.139
4026.99,347.139
4025.99,347.139
4024.99,347.139
4023.99,347.139
4022.99,347.138
4021.99,347.139
4020.989,347.138
4019.989,347.139
4018.989,347.139
4017.989,347.138
4016.989,347.138
4015.989,347.138
4014.988,347.138
4013.988,347.139
4012.988,347.138
4011.988,347.138
4010.988,347.138
4009.988,347.139
4008.988,347.138
4007.987,347.138
4006.987,347.139
4005.987,347.138
4004.987,347.138
4003.987,347.138
4002.987,347.139
4001.986,347.138
4000.986,347.138
3999.986,347.138
3998.986,347.139
3997.986,347.138
3996.986,347.138
3995.986,347.139
3994.985,347.138
3993.985,347.138
3992.985,347.139
3991.985,347.139
3990.985,347.138
3989.985,347.139
3988.984,347.138
3987.984,347.138
3986.984,347.139
3985.984,347.138
3984.984,347.139
3983.984,347.139
3982.984,347.139
3981.983,347.138
3980.983,347.139
3979.983,347.138
3978.983,347.139
3977.983,347.138
3976.983,347.137
3975.982,347.138
3974.982,347.139
3973.982,347.138
3972.982,347.139
3971.982,347.138
3970.982,347.139
3969.982,347.138
3968.981,347.139
3967.981,347.138
3966.981,347.139
3965.981,347.138
3964.981,347.138
3963.981,347.139
3962.98,347.138
3961.98,347.138
3960.98,347.138
3959.98,347.138
3958.98,347.139
3957.98,347.138
3956.98,347.138
3955.979,347.138
3954.979,347.138
3953.979,347.138
3952.979,347.138
3951.979,347.138
3950.979,347.137
3949.979,347.138
3948.978,347.138
3947.978,347.139
3946.978,347.138
3945.978,347.137
3944.978,347.138
3943.978,347.137
3942.977,347.139
3941.977,347.138
3940.977,347.137
3939.977,347.139
3938.977,347.139
3937.977,347.138
3936.977,347.137
3935.976,347.138
3934.976,347.137
3933.976,347.137
3932.976,347.139
3931.976,347.137
3930.976,347.137
3929.975,347.139
3928.975,347.137
3927.975,347.138
3926.975,347.139
3925.975,347.138
3924.975,347.138
3923.975,347.139
3922.974,347.139
3921.974,347.139
3920.974,347.139
3919.974,347.139
3918.974,347.237
3917.974,347.139
3916.973,347.139
3915.973,347.139
3914.973,347.139
3913.973,347.139
3912.973,347.137
3911.973,347.137
3910.973,347.139
3909.972,347.137
3908.972,347.137
3907.972,347.137
3906.972,347.139
3905.972,347.137
3904.972,347.137
3903.971,347.137
3902.971,347.138
3901.971,347.137
3900.971,347.137
3899.971,347.137
3898.971,347.137
3897.971,347.137
3896.97,347.139
3895.97,347.137
3894.97,347.137
3893.97,347.137
3892.97,347.137
3891.97,347.137
3890.969,347.137
3889.969,347.139
3888.969,347.139
3887.969,347.139
3886.969,347.139
3885.969,347.137
3884.969,347.137
3883.968,347.039
3882.968,347.039
3881.968,347.089
3880.968,347.089
3879.968,347.039
3878.968,347.039
3877.967,347.039
3876.967,347.039
3875.967,347.039
3874.967,347.039
3873.967,347.039
3872.967,347.039
3871.967,347.039
3870.966,347.039
3869.966,347.039
3868.966,347.039
3867.966,347.039
3866.966,347.039
3865.966,347.039
3864.965,347.039
3863.965,347.039
3862.965,347.038
3861.965,347.039
3860.965,347.039
3859.965,347.039
3858.965,347.038
3857.964,347.039
3856.964,347.039
3855.964,347.039
3854.964,347.039
3853.964,347.039
3852.964,347.039
3851.963,347.039
3850.963,347.039
3849.963,347.039
3848.963,347.089
3847.963,347.039
3846.963,347.038
3845.963,347.038
3844.962,347.137
3843.962,347.038
3842.962,347.037
3841.962,347.038
3840.962,347.037
3839.962,347.038
3838.961,347.039
3837.961,347.039
3836.961,347.039
3835.961,347.039
3834.961,347.039
3833.961,347.039
3832.961,347.039
3831.96,347.039
3830.96,347.039
3829.96,347.039
3828.96,347.039
3827.96,347.039
3826.96,347.039
3825.959,347.039
3824.959,347.039
3823.959,347.039
3822.959,347.039
3821.959,347.039
3820.959,347.039
3819.959,347.039
3818.958,347.039
3817.958,347.039
3816.958,347.039
3815.958,347.039
3814.958,347.039
3813.958,347.039
3812.957,347.039
3811.957,347.039
3810.957,347.039
3809.957,347.039
3808.957,347.039
3807.957,347.039
3806.957,347.039
3805.956,347.039
3804.956,347.039
3803.956,347.039
3802.956,347.039
3801.956,347.039
3800.956,347.039
3799.955,347.039
3798.955,347.039
3797.955,347.039
3796.955,347.039
3795.955,347.039
3794.955,347.039
3793.955,347.039
3792.954,347.039
3791.954,347.039
3790.954,347.039
3789.954,347.039
3788.954,347.039
3787.954,347.039
3786.953,347.039
3785.953,347.039
3784.953,347.039
3783.953,347.039
3782.953,347.039
3781.953,347.039
3780.953,347.039
3779.952,347.039
3778.952,347.039
3777.952,347.039
3776.952,347.039
3775.952,347.039
3774.952,347.039
3773.952,347.039
3772.951,347.039
3771.951,347.039
3770.951,347.039
3769.951,347.039
3768.951,347.039
3767.951,347.039
3766.95,347.039
3765.95,347.039
3764.95,347.039
3763.95,347.039
3762.95,347.039
3761.95,347.039
3760.95,347.139
3759.949,347.039
3758.949,347.039
3757.949,347.039
3756.949,347.039
3755.949,347.039
3754.949,347.139
3753.948,347.139
3752.948,347.039
3751.948,347.039
3750.948,347.039
3749.948,347.039
3748.948,347.039
3747.948,347.039
3746.947,347.039
3745.947,347.039
3744.947,347.039
3743.947,347.039
3742.947,347.039
3741.947,347.039
3740.946,347.139
3739.946,347.039
3738.946,347.039
3737.946,347.039
3736.946,347.039
3735.946,347.039
3734.946,347.039
3733.945,347.039
3732.945,347.039
3731.945,347.039
3730.945,347.039
3729.945,347.039
3728.945,347.039
3727.944,347.039
3726.944,347.139
3725.944,347.039
3724.944,347.039
3723.944,347.039
3722.944,347.039
3721.944,347.039
3720.943,347.039
3719.943,347.039
3718.943,347.039
3717.943,347.039
3716.943,347.039
3715.943,347.039
3714.942,347.039
3713.942,347.039
3712.942,347.039
3711.942,347.039
3710.942,347.039
3709.942,347.039
3708.942,347.039
3707.941,347.039
3706.941,347.039
3705.941,347.039
3704.941,347.039
3703.941,347.039
3702.941,347.039
3701.94,347.039
3700.94,347.039
3699.94,347.039
3698.94,347.039
3697.94,347.039
3696.94,347.039
3695.94,347.039
3694.939,347.039
3693.939,347.039
3692.939,347.039
3691.939,347.139
3690.939,347.139
3689.939,346.939
3688.938,346.939
3687.938,346.939
3686.938,346.939
3685.938,346.939
3684.938,346.939
3683.938,346.939
3682.938,346.939
3681.937,346.939
3680.937,346.939
3679.937,346.939
3678.937,347.039
3677.937,346.939
3676.937,347.039
3675.936,346.939
3674.936,346.939
3673.936,346.939
3672.936,346.939
3671.936,346.939
3670.936,346.939
3669.936,346.939
3668.935,346.939
3667.935,346.939
3666.935,346.939
3665.935,346.939
3664.935,346.839
3663.935,346.939
3662.934,346.939
3661.934,346.939
3660.934,346.939
3659.934,346.939
3658.934,346.939
3657.934,346.939
3656.934,346.839
3655.933,346.839
3654.933,346.939
3653.933,346.939
3652.933,346.939
3651.933,346.939
3650.933,346.939
3649.932,346.839
3648.932,346.839
3647.932,346.939
3646.932,346.939
3645.932,346.939
3644.932,346.939
3643.932,346.939
3642.931,346.939
3641.931,346.939
3640.931,346.939
3639.931,346.939
3638.931,346.939
3637.931,346.939
3636.93,346.939
3635.93,346.939
3634.93,346.939
3633.93,346.939
3632.93,346.939
3631.93,346.939
3630.93,346.939
3629.929,346.939
3628.929,346.939
3627.929,346.939
3626.929,346.939
3625.929,346.939
3624.929,346.939
3623.928,346.939
3622.928,346.939
3621.928,346.939
3620.928,346.939
3619.928,346.939
3618.928,346.939
3617.928,346.939
3616.927,346.939
3615.927,346.939
3614.927,346.889
3613.927,346.839
3612.927,346.939
3611.927,346.939
3610.926,346.939
3609.926,346.939
3608.926,346.939
3607.926,346.939
3606.926,346.939
3605.926,346.939
3604.926,346.939
3603.925,346.939
3602.925,346.939
3601.925,346.939
3600.925,346.939
3599.925,346.939
3598.925,346.939
3597.924,346.939
3596.924,346.939
3595.924,346.939
3594.924,346.939
3593.924,346.939
3592.924,346.939
3591.924,346.839
3590.923,346.939
3589.923,346.839
3588.923,346.889
3587.923,346.939
3586.923,346.939
3585.923,346.939
3584.923,346.839
3583.922,346.939
3582.922,346.939
3581.922,346.839
3580.922,346.839
3579.922,346.939
3578.922,346.939
3577.921,346.939
3576.921,346.939
3575.921,346.939
3574.921,346.939
3573.921,346.939
3572.921,346.939
3571.921,346.939
3570.92,346.939
3569.92,346.939
3568.92,346.939
3567.92,346.839
3566.92,346.939
3565.92,346.939
3564.919,346.939
3563.919,346.889
3562.919,346.939
3561.919,346.939
3560.919,346.939
3559.919,346.939
3558.919,346.939
3557.918,346.939
3556.918,346.939
3555.918,346.939
3554.918,346.939
3553.918,346.939
3552.918,346.939
3551.917,346.939
3550.917,346.939
3549.917,346.939
3548.917,346.939
3547.917,346.939
3484.907,346.741
3483.907,346.741
3482.907,346.741
3481.907,346.741
3480.907,346.741
3479.906,346.741
3478.906,346.741
3477.906,346.741
3476.906,346.841
3475.906,346.741
3474.906,346.741
3473.905,346.841
3472.905,346.841
3471.905,346.841
3470.905,346.841
3469.905,346.841
3468.905,346.791
3467.905,346.741
3466.904,346.741
3465.904,346.841
3464.904,346.791
3463.904,346.741
3462.904,346.741
3461.904,346.741
3460.903,346.841
3459.903,346.841
3458.903,346.841
3457.903,346.841
3456.903,346.841
3455.903,346.841
3454.903,346.741
3453.902,346.741
3452.902,346.741
3451.902,346.841
3450.902,346.741
3449.902,346.741
3448.902,346.741
3447.901,346.741
3446.901,346.841
3445.901,346.791
3444.901,346.741
3443.901,346.741
3442.901,346.741
3441.901,346.741
3440.9,346.741
3439.9,346.741
3438.9,346.741
3437.9,346.841
3436.9,346.741
3435.9,346.841
3434.899,346.841
3433.899,346.841
3432.899,346.791
3431.899,346.841
3430.899,346.741
3429.899,346.841
3428.899,346.841
3427.898,346.741
3426.898,346.741
3425.898,346.741
3424.898,346.741
3423.898,346.741
3422.898,346.741
3421.897,346.741
3420.897,346.841
3419.897,346.841
3418.897,346.841
3417.897,346.841
3416.897,346.741
3415.897,346.741
3414.896,346.741
3413.896,346.741
3412.896,346.741
3411.896,346.741
3410.896,346.741
3409.896,346.741
3408.895,346.741
3407.895,346.741
3406.895,346.741
3405.895,346.641
3404.895,346.741
3403.895,346.841
3402.895,346.641
3401.894,346.641
3400.894,346.641
3399.894,346.641
3398.894,346.651
3397.894,346.661
3396.894,346.666
3395.894,346.671
3394.893,346.681
3393.893,346.681
3392.893,346.691
3391.893,346.701
3390.893,346.701
3389.893,346.711
3388.892,346.721
3387.892,346.721
3386.892,346.731
3385.892,346.741
3384.892,346.741
3383.892,346.741
3382.892,346.741
3381.891,346.741
3380.891,346.741
3379.891,346.741
3378.891,346.441
3377.891,346.641
3376.891,346.841
3375.89,346.641
3374.89,346.641
3373.89,346.641
3372.89,346.641
3371.89,346.641
3370.89,346.641
3369.89,346.641
3368.889,346.641
3367.889,346.641
3366.889,346.641
3365.889,346.651
3364.889,346.651
3363.889,346.651
3362.888,346.661
3361.888,346.661
3360.888,346.661
3359.888,346.671
3358.888,346.671
3357.888,346.676
3356.888,346.681
3355.887,346.681
3354.887,346.691
3353.887,346.691
3352.887,346.691
3351.887,346.701
3350.887,346.701
3349.886,346.711
3348.886,346.711
3347.886,346.711
3346.886,346.721
3345.886,346.721
3344.886,346.721
3343.886,346.731
3342.885,346.731
3341.885,346.731
3340.885,346.741
3339.885,346.741
3338.885,346.741
3337.885,346.641
3336.884,346.741
3335.884,346.741
3334.884,346.741
3333.884,346.741
3332.884,346.541
3331.884,346.741
3330.884,346.741
3329.883,346.641
3328.883,346.641
3327.883,346.641
3326.883,346.741
3325.883,346.741
3324.883,346.641
3323.882,346.641
3322.882,346.641
3321.882,346.641
3320.882,346.641
3319.882,346.641
3318.882,346.641
3317.882,346.641
3316.881,346.641
3315.881,346.641
3314.881,346.641
3313.881,346.641
3312.881,346.641
3311.881,346.741
3310.88,346.641
3309.88,346.641
3308.88,346.641
3307.88,346.741
3306.88,346.641
3305.88,346.641
3304.88,346.741
3303.879,346.741
3302.879,346.641
3301.879,346.641
3300.879,346.641
3299.879,346.641
3298.879,346.741
3297.878,346.741
3296.878,346.741
3295.878,346.741
3294.878,346.641
3293.878,346.741
3292.878,346.641
3291.878,346.541
3290.877,346.541
3289.877,346.541
3288.877,346.541
3287.877,346.541
3286.877,346.541
3285.877,346.541
3284.876,346.541
3283.876,346.541
3282.876,346.541
3281.876,346.641
3280.876,346.641
3279.876,346.641
3278.876,346.541
3277.875,346.541
3276.875,346.591
3275.875,346.641
3274.875,346.641
3273.875,346.641
3272.875,346.541
3271.874,346.541
3270.874,346.541
3269.874,346.541
3268.874,346.541
3267.874,346.541
3266.874,346.541
3265.874,346.541
3264.873,346.541
3263.873,346.541
3262.873,346.541
3261.873,346.541
3260.873,346.541
3259.873,346.541
3258.872,346.541
3257.872,346.541
3256.872,346.541
3255.872,346.641
3254.872,346.641
3253.872,346.641
3252.872,346.641
3251.871,346.641
3250.871,346.641
3249.871,346.641
3248.871,346.641
3247.871,346.641
3246.871,346.641
3245.87,346.641
3244.87,346.641
3243.87,346.641
3242.87,346.641
3241.87,346.641
3240.87,346.641
3239.87,346.641
3238.869,346.641
3237.869,346.641
3236.869,346.641
3235.869,346.641
3234.869,346.641
3233.869,346.641
3232.868,346.741
3231.868,346.741
3230.868,346.741
3229.868,346.741
3228.868,346.741
3227.868,346.641
3226.868,346.741
3225.867,346.741
3224.867,346.741
3223.867,346.741
3222.867,346.741
3221.867,346.741
3220.867,346.741
3219.867,346.741
3218.866,346.741
3217.866,346.691
3216.866,346.741
3215.866,346.741
3214.866,346.741
3213.866,346.741
3212.865,346.741
3211.865,346.741
3210.865,346.741
3209.865,346.741
3208.865,346.741
3207.865,346.741
3206.865,346.741
3205.864,346.741
3200.864,346.741
3199.863,346.741
3198.863,346.641
3197.863,346.741
3196.863,346.741
3195.863,346.741
3194.863,346.741
3193.863,346.741
3192.862,346.741
3191.862,346.741
3190.862,346.741
3189.862,346.741
3188.862,346.741
3187.862,346.741
3186.861,346.741
3185.861,346.741
3184.861,346.741
3183.861,346.741
3182.861,346.741
3181.861,346.741
3180.861,346.741
3179.86,346.741
3178.86,346.741
3177.86,346.691
3176.86,346.741
3175.86,346.741
3174.86,346.741
3173.859,346.741
3172.859,346.741
3171.859,346.741
3170.859,346.741
3169.859,346.741
3168.859,346.741
3167.859,346.741
3166.858,346.741
3165.858,346.741
3164.858,346.741
3163.858,346.741
3162.858,346.741
3161.858,346.741
3160.857,346.741
3159.857,346.741
3158.857,346.741
3157.857,346.741
3156.857,346.741
3155.857,346.741
3154.857,346.741
3153.856,346.741
3152.856,346.741
3151.856,346.741
3150.856,346.741
3149.856,346.791
3148.856,346.741
3147.855,346.741
3146.855,346.741
3145.855,346.741
3144.855,346.741
3143.855,346.741
3142.855,346.741
3141.855,346.741
3140.854,346.641
3139.854,346.741
3138.854,346.741
3137.854,346.741
3136.854,346.741
3135.854,346.741
3134.853,346.741
3133.853,346.741
3132.853,346.741
3131.853,346.741
3130.853,346.741
3129.853,346.741
3128.853,346.741
3127.852,346.741
3126.852,346.741
3125.852,346.741
3124.852,346.741
3123.852,346.741
3122.852,346.741
3121.851,346.741
3120.851,346.741
3119.851,346.741
3118.851,346.741
3117.851,346.741
3116.851,346.741
3115.851,346.741
3114.85,346.741
3113.85,346.741
3112.85,346.741
3111.85,346.741
3110.85,346.741
3109.85,346.741
3108.849,346.741
3107.849,346.741
3106.849,346.741
3105.849,346.741
3104.849,346.741
3103.849,346.741
3102.849,346.741
3101.848,346.741
3100.848,346.741
3099.848,346.741
3098.848,346.741
3097.848,346.741
3096.848,346.841
3095.847,346.841
3094.847,346.741
3093.847,346.741
3092.847,346.741
3091.847,346.741
3090.847,346.741
3089.847,346.74
3088.846,346.74
3087.846,346.74
3086.846,346.74
3085.846,346.74
3084.846,346.74
3083.846,346.74
3082.845,346.74
3081.845,346.74
3080.845,346.74
3079.845,346.74
3078.845,346.74
3077.845,346.74
3076.845,346.74
3075.844,346.74
3074.844,346.74
3073.844,346.74
3072.844,346.74
3071.844,346.74
3070.844,346.74
3069.843,346.74
3068.843,346.74
3067.843,346.74
3066.843,346.74
3065.843,346.74
3064.843,346.54
3063.843,346.54
3062.842,346.54
3061.842,346.54
3060.842,346.54
3059.842,346.54
3058.842,346.54
3057.842,346.54
3056.841,346.74
3055.841,346.74
3054.841,346.74
3053.841,346.64
3052.841,346.64
3051.841,346.64
3050.841,346.64
3049.84,346.64
3048.84,346.64
3047.84,346.64
3046.84,346.64
3045.84,346.64
3044.84,346.74
3043.839,346.64
3042.839,346.64
3041.839,346.64
3040.839,346.54
3039.839,346.54
3038.839,346.54
3037.839,346.54
3036.838,346.54
3035.838,346.54
3034.838,346.54
3033.838,346.54
3032.838,346.54
3031.838,346.54
3030.838,346.64
3029.837,346.74
3028.837,346.74
3027.837,346.69
3026.837,346.64
3025.837,346.74
3024.837,346.74
3023.836,346.84
3022.836,346.74
3021.836,346.64
3020.836,346.74
3019.836,346.64
3018.836,346.74
3017.836,346.64
3016.835,346.64
3015.835,346.64
3014.835,346.69
3013.835,346.74
3012.835,346.74
3011.835,346.74
3010.834,346.74
3009.834,346.74
3008.834,346.74
3007.834,346.74
3006.834,346.74
3005.834,346.74
3004.834,346.74
3003.833,346.74
3002.833,346.74
3001.833,346.74
3000.833,346.74
2999.833,346.74
2998.833,346.74
2997.832,346.74
2996.832,346.74
2995.832,346.74
2994.832,346.74
2993.832,346.74
2992.832,346.74
2991.832,346.74
2990.831,346.74
2989.831,346.74
2988.831,346.74
2987.831,346.74
2986.831,346.74
2985.831,346.74
2984.83,346.74
2983.83,346.74
2982.83,346.74
2981.83,346.74
2980.83,346.74
2979.83,346.74
2978.83,346.74
2977.829,346.74
2976.829,346.74
2975.829,346.74
2974.829,346.74
2973.829,346.74
2972.829,346.74
2971.828,346.74
2970.828,346.74
2969.828,346.74
2968.828,346.74
2967.828,346.74
2966.828,346.74
2965.828,346.74
2964.827,346.74
2963.827,346.74
2962.827,346.74
2961.827,346.74
2960.827,346.74
2959.827,346.74
2958.826,346.64
2957.826,346.74
2956.826,346.84
2955.826,346.74
2954.826,346.74
2953.826,346.74
2952.826,346.79
2951.825,346.74
2950.825,346.74
2949.825,346.74
2948.825,346.74
2947.825,346.74
2946.825,346.74
2945.824,346.69
2944.824,346.74
2943.824,346.74
2942.824,346.74
2941.824,346.74
2940.824,346.79
2939.824,346.84
2938.823,346.84
2937.823,346.84
2936.823,346.84
2935.823,346.79
2934.823,346.79
2933.823,346.74
2932.822,346.74
2931.822,346.74
2930.822,346.74
2929.822,346.74
2928.822,346.74
2927.822,346.74
2926.822,346.74
2925.821,346.74
2924.821,346.74
2923.821,346.74
2922.821,346.74
2921.821,346.74
2920.821,346.64
2919.82,346.74
2918.82,346.74
2917.82,346.74
2916.82,346.74
2915.82,346.74
2914.82,346.74
2913.82,346.64
2912.819,346.74
2911.819,346.74
2910.819,346.74
2909.819,346.74
2908.819,346.74
2907.819,346.74
2906.818,346.74
2905.818,346.74
2904.818,346.74
2903.818,346.74
2902.818,346.74
2901.818,346.74
2900.818,346.739
2899.817,346.739
2898.817,346.739
2897.817,346.739
2896.817,346.739
2895.817,346.739
2894.817,346.739
2893.816,346.739
2892.816,346.739
2891.816,346.739
2890.816,346.739
2889.816,346.739
2888.816,346.739
2887.816,346.839
2886.815,346.739
2885.815,346.739
2884.815,346.739
2883.815,346.739
2882.815,346.739
2881.815,346.739
2880.814,346.739
2879.814,346.739
2878.814,346.739
2877.814,346.739
2876.814,346.739
2875.814,346.739
2874.814,346.739
2873.813,346.739
2872.813,346.739
2871.813,346.739
2870.813,346.739
2869.813,346.739
2868.813,346.739
2866.812,346.739
2865.812,346.739
2864.812,346.739
2863.812,346.739
2862.812,346.739
2861.812,346.739
2860.811,346.739
2859.811,346.739
2858.811,346.739
2857.811,346.739
2856.811,346.739
2855.811,346.739
2854.811,346.739
2853.81,346.739
2852.81,346.739
2851.81,346.739
2850.81,346.739
2849.81,346.739
2848.81,346.739
2847.809,346.739
2846.809,346.739
2845.809,346.739
2844.809,346.739
2843.809,346.739
2842.809,346.739
2841.809,346.739
2840.808,346.739
2839.808,346.739
2838.808,346.739
2837.808,346.739
2836.808,346.739
2835.808,346.739
2834.807,346.739
2833.807,346.739
2832.807,346.739
2831.807,346.739
2830.807,346.739
2829.807,346.739
2828.807,346.739
2827.806,346.739
2826.806,346.739
2825.806,346.739
2824.806,346.739
2823.806,346.739
2822.806,346.739
2821.805,346.739
2820.805,346.739
2819.805,346.739
2818.805,346.639
2817.805,346.639
2816.805,346.639
2815.805,346.639
2814.804,346.639
2813.804,346.739
2812.804,346.739
2811.804,346.739
2810.804,346.739
2809.804,346.739
2808.803,346.739
2807.803,346.739
2806.803,346.739
2805.803,346.739
2804.803,346.739
2803.803,346.739
2802.803,346.639
2801.802,346.639
2800.802,346.639
2799.802,346.739
2798.802,346.639
2797.802,346.639
2796.802,346.639
2795.801,346.639
2794.801,346.639
2793.801,346.739
2792.801,346.639
2791.801,346.639
2790.801,346.739
2789.801,346.739
2788.8,346.739
2787.8,346.739
2786.8,346.739
2785.8,346.739
2784.8,346.739
2783.8,346.739
2782.799,346.739
2781.799,346.739
2780.799,346.739
2779.799,346.739
2778.799,346.739
2777.799,346.739
2776.799,346.739
2775.798,346.739
2774.798,346.739
2773.798,346.739
2772.798,346.739
2771.798,346.739
2770.798,346.739
2769.797,346.739
2768.797,346.739
2767.797,346.739
2766.797,346.739
2765.797,346.739
2764.797,346.739
2763.797,346.739
2762.796,346.739
2761.796,346.739
2760.796,346.639
2759.796,346.639
2758.796,346.739
2757.796,346.739
2756.795,346.739
2755.795,346.639
2754.795,346.739
2753.795,346.739
2752.795,346.639
2751.795,346.739
2750.795,346.739
2749.794,346.739
2748.794,346.739
2747.794,346.739
2746.794,346.639
2745.794,346.689
2744.794,346.739
2743.793,346.639
2742.793,346.689
2741.793,346.739
2740.793,346.739
2739.793,346.739
2738.793,346.739
2737.793,346.639
2736.792,346.739
2735.792,346.739
2734.792,346.739
2733.792,346.739
2732.792,346.689
2731.792,346.739
2730.791,346.739
2729.791,346.739
2728.791,346.739
2727.791,346.739
2726.791,346.739
2725.791,346.739
2724.791,346.739
2723.79,346.739
2722.79,346.739
2721.79,346.739
2720.79,346.739
2719.79,346.739
2718.79,346.739
2717.789,346.689
2716.789,346.639
2715.789,346.639
2714.789,346.739
2713.789,346.639
2712.789,346.689
2711.789,346.639
2710.788,346.739
2709.788,346.739
2708.788,346.739
2707.788,346.689
2706.788,346.739
2705.788,346.739
2704.787,346.739
2703.787,346.739
2702.787,346.739
2701.787,346.739
2700.787,346.739
2699.787,346.739
2698.787,346.689
2697.786,346.689
2696.786,346.689
2695.786,346.639
2694.786,346.739
2693.786,346.739
2692.786,346.639
2691.785,346.639
2690.785,346.739
2689.785,346.739
2688.785,346.639
2687.785,346.639
2686.785,346.739
2685.785,346.638
2684.784,346.688
2683.784,346.638
2682.784,346.638
2681.784,346.638
2680.784,346.638
2679.784,346.638
2678.783,346.638
2677.783,346.738
2676.783,346.638
2675.783,346.638
2674.783,346.688
2673.783,346.738
2672.783,346.638
2671.782,346.638
2670.782,346.638
2669.782,346.638
2668.782,346.638
2667.782,346.638
2666.782,346.638
2665.782,346.638
2664.781,346.638
2663.781,346.638
2662.781,346.638
2661.781,346.638
2660.781,346.738
2659.781,346.738
2658.78,346.638
2657.78,346.638
2656.78,346.738
2655.78,346.638
2654.78,346.638
2653.78,346.638
2652.78,346.638
2651.779,346.638
2650.779,346.638
2649.779,346.638
2648.779,346.638
2647.779,346.638
2646.779,346.638
2645.778,346.638
2644.778,346.638
2643.778,346.638
2642.778,346.638
2641.778,346.638
2640.778,346.738
2639.778,346.638
2638.777,346.738
2637.777,346.738
2636.777,346.638
2635.777,346.738
2634.777,346.738
2633.777,346.738
2632.776,346.738
2631.776,346.738
2630.776,346.738
2629.776,346.738
2628.776,346.738
2627.776,346.638
2626.776,346.838
2625.775,346.738
2624.775,346.688
2623.775,346.738
2622.775,346.688
2621.775,346.738
2620.775,346.738
2619.774,346.688
2618.774,346.688
2617.774,346.688
2616.774,346.688
2615.774,346.638
2614.774,346.738
2613.774,346.688
2612.773,346.738
2611.773,346.638
2610.773,346.638
2609.773,346.738
2608.773,346.638
2607.773,346.638
2606.772,346.638
2605.772,346.638
2604.772,346.638
2603.772,346.638
2602.772,346.638
2601.772,346.638
2600.772,346.638
2599.771,346.738
2598.771,346.688
2597.771,346.638
2596.771,346.638
2595.771,346.638
2594.771,346.638
2593.77,346.638
2592.77,346.638
2591.77,346.638
2590.77,346.638
2589.77,346.638
2588.77,346.638
2587.77,346.638
2586.769,346.638
2585.769,346.638
2584.769,346.638
2583.769,346.638
2582.769,346.638
2581.769,346.638
2580.768,346.638
2579.768,346.638
2578.768,346.638
2577.768,346.738
2576.768,346.638
2575.768,346.638
2574.768,346.638
2573.767,346.638
2572.767,346.638
2571.767,346.738
2570.767,346.738
2569.767,346.738
2568.767,346.638
2567.766,346.738
2566.766,346.638
2565.766,346.638
2564.766,346.638
2563.766,346.638
2562.766,346.738
2561.766,346.738
2560.765,346.738
2559.765,346.738
2558.765,346.738
2557.765,346.638
2556.765,346.738
2555.765,346.738
2554.764,346.638
2553.764,346.738
2552.764,346.638
2551.764,346.688
2550.764,346.638
2549.764,346.738
2548.764,346.738
2547.763,346.638
2546.763,346.738
2545.763,346.638
2544.763,346.638
2543.763,346.738
2542.763,346.638
2541.762,346.638
2540.762,346.638
2539.762,346.738
2538.762,346.738
2537.762,346.738
2536.762,346.738
2535.762,346.738
2534.761,346.738
2533.761,346.738
2532.761,346.738
2531.761,346.638
2530.761,346.638
2529.761,346.688
2528.76,346.638
2527.76,346.638
2526.76,346.638
2525.76,346.738
2524.76,346.638
2523.76,346.638
2522.76,346.638
2521.759,346.638
2520.759,346.638
2519.759,346.638
2518.759,346.638
2517.759,346.688
2516.759,346.638
2515.758,346.638
2514.758,346.638
2513.758,346.638
2512.758,346.638
2511.758,346.638
2510.758,346.638
2509.758,346.638
2508.757,346.638
2507.757,346.638
2506.757,346.638
2505.757,346.638
2504.757,346.638
2503.757,346.638
2502.756,346.638
2501.756,346.638
2500.756,346.638
2499.756,346.638
2498.756,346.638
2497.756,346.638
2496.756,346.638
2495.755,346.638
2494.755,346.638
2493.755,346.638
2492.755,346.638
2491.755,346.638
2490.755,346.638
2489.755,346.638
2488.754,346.638
2487.754,346.638
2486.754,346.638
2485.754,346.638
2484.754,346.638
2483.754,346.638
2482.753,346.638
2481.753,346.638
2480.753,346.638
2479.753,346.638
2478.753,346.638
2476.753,346.638
2475.752,346.638
2474.752,346.638
2473.752,346.638
2472.752,346.638
2471.752,346.638
2470.752,346.638
2469.751,346.638
2468.751,346.638
2467.751,346.638
2466.751,346.638
2465.751,346.638
2464.751,346.638
2463.751,346.638
2462.75,346.638
2461.75,346.638
2460.75,346.638
2459.75,346.638
2458.75,346.638
2457.75,346.638
2456.749,346.638
2455.749,346.638
2454.749,346.637
2453.749,346.637
2452.749,346.637
2451.749,346.637
2450.749,346.637
2449.748,346.637
2448.748,346.637
2447.748,346.637
2446.748,346.637
2445.748,346.637
2444.748,346.637
2443.747,346.627
2442.747,346.627
2441.747,346.627
2440.747,346.627
2439.747,346.627
2438.747,346.627
2437.747,346.677
2436.746,346.627
2435.746,346.627
2434.746,346.627
2433.746,346.627
2432.746,346.627
2431.746,346.627
2430.745,346.627
2429.745,346.627
2428.745,346.627
2427.745,346.627
2426.745,346.627
2425.745,346.627
2424.745,346.627
2423.744,346.627
2422.744,346.627
2421.744,346.627
2420.744,346.627
2419.744,346.627
2418.744,346.627
2417.743,346.627
2416.743,346.627
2415.743,346.627
2414.743,346.627
2413.743,346.627
2412.743,346.627
2411.743,346.627
2410.742,346.627
2409.742,346.627
2408.742,346.627
2407.742,346.627
2406.742,346.627
2405.742,346.627
2404.741,346.627
2403.741,346.627
2402.741,346.627
2401.741,346.627
2400.741,346.627
2399.741,346.627
2398.741,346.627
2397.74,346.627
2396.74,346.627
2395.74,346.627
2394.74,346.627
2393.74,346.627
2392.74,346.627
2391.739,346.627
2390.739,346.627
2389.739,346.627
2388.739,346.627
2387.739,346.627
2386.739,346.627
2385.739,346.627
2384.738,346.627
2383.738,346.627
2382.738,346.627
2381.738,346.627
2380.738,346.627
2379.738,346.627
2378.737,346.627
2377.737,346.627
2376.737,346.627
2375.737,346.627
2374.737,346.627
2373.737,346.627
2372.737,346.627
2371.736,346.627
2370.736,346.627
2369.736,346.627
2368.736,346.627
2367.736,346.627
2366.736,346.627
2365.735,346.627
2364.735,346.627
2363.735,346.627
2362.735,346.627
2361.735,346.627
2360.735,346.627
2359.735,346.627
2358.734,346.627
2357.734,346.627
2356.734,346.627
2355.734,346.627
2354.734,346.627
2353.734,346.627
2352.733,346.627
2351.733,346.627
2350.733,346.627
2349.733,346.627
2348.733,346.627
2347.733,346.627
2346.733,346.627
2345.732,346.627
2344.732,346.627
2343.732,346.627
2342.732,346.627
2341.732,346.627
2340.732,346.627
2339.731,346.627
2338.731,346.627
2337.731,346.627
2336.731,346.627
2335.731,346.627
2334.731,346.727
2333.731,346.727
2332.73,346.677
2331.73,346.727
2330.73,346.727
2329.73,346.627
2328.73,346.727
2327.73,346.727
2326.729,346.727
2325.729,346.727
2324.729,346.627
2323.729,346.627
2322.729,346.637
2321.729,346.637
2320.729,346.637
2319.728,346.637
2318.728,346.637
2317.728,346.637
2316.728,346.637
2315.728,346.637
2314.728,346.637
2313.727,346.637
2312.727,346.637
2311.727,346.637
2310.727,346.637
2309.727,346.637
2308.727,346.687
2307.727,346.637
2306.726,346.637
2305.726,346.637
2304.726,346.637
2303.726,346.637
2302.726,346.637
2301.726,346.637
2300.726,346.637
2299.725,346.637
2298.725,346.637
2297.725,346.637
2296.725,346.637
2295.725,346.637
2294.725,346.637
2293.724,346.637
2292.724,346.637
2291.724,346.637
2290.724,346.637
2289.724,346.637
2288.724,346.637
2287.724,346.637
2286.723,346.637
2285.723,346.637
2284.723,346.737
2283.723,346.637
2282.723,346.637
2281.723,346.637
2280.722,346.637
2279.722,346.637
2278.722,346.637
2277.722,346.636
2276.722,346.636
2275.722,346.636
2274.722,346.636
2273.721,346.636
2272.721,346.636
2271.721,346.636
2270.721,346.636
2269.721,346.636
2268.721,346.636
2267.72,346.636
2266.72,346.636
2265.72,346.636
2264.72,346.636
2263.72,346.636
2262.72,346.636
2261.72,346.636
2260.719,346.636
2259.719,346.636
2258.719,346.636
2257.719,346.636
2256.719,346.636
2255.719,346.636
2254.718,346.636
2253.718,346.736
2252.718,346.636
2251.718,346.636
2250.718,346.636
2249.718,346.636
2248.718,346.636
2247.717,346.636
2246.717,346.636
2245.717,346.636
2244.717,346.636
2243.717,346.636
2242.717,346.636
2241.716,346.636
2240.716,346.636
2239.716,346.636
2238.716,346.636
2237.716,346.636
2236.716,346.636
2235.716,346.636
2234.715,346.636
2233.715,346.686
2232.715,346.636
2231.715,346.636
2230.715,346.636
2229.715,346.636
2228.714,346.636
2227.714,346.636
2226.714,346.636
2225.714,346.636
2224.714,346.636
2223.714,346.636
2222.714,346.636
2221.713,346.636
2220.713,346.636
2219.713,346.636
2218.713,346.636
2217.713,346.636
2216.713,346.636
2215.712,346.636
2214.712,346.636
2213.712,346.636
2212.712,346.636
2211.712,346.636
2210.712,346.636
2209.712,346.636
2208.711,346.636
2207.711,346.636
2206.711,346.636
2205.711,346.636
2204.711,346.636
2203.711,346.636
2202.71,346.636
2201.71,346.636
2200.71,346.636
2199.71,346.636
2198.71,346.636
2197.71,346.636
2196.71,346.636
2195.709,346.636
2194.709,346.636
2193.709,346.636
2192.709,346.636
2191.709,346.636
2190.709,346.636
2189.708,346.736
2188.708,346.736
2187.708,346.636
2186.708,346.636
2185.708,346.636
2184.708,346.736
2183.708,346.736
2182.707,346.686
2181.707,346.736
2180.707,346.736
2179.707,346.736
2178.707,346.736
2177.707,346.736
2176.706,346.736
2175.706,346.736
2174.706,346.736
2173.706,346.736
2172.706,346.736
2171.706,346.736
2170.706,346.736
2169.705,346.736
2168.705,346.736
2167.705,346.736
2166.705,346.736
2165.705,346.736
2164.705,346.686
2163.704,346.736
2162.704,346.736
2161.704,346.736
2160.704,346.736
2159.704,346.736
2158.704,346.736
2157.704,346.736
2156.703,346.736
2155.703,346.736
2154.703,346.736
2153.703,346.736
2152.703,346.736
2151.703,346.736
2150.702,346.736
2149.702,346.736
2148.702,346.736
2147.702,346.736
2146.702,346.736
2145.702,346.686
2144.702,346.636
2143.701,346.736
2142.701,346.636
2141.701,346.636
2140.701,346.636
2139.701,346.636
2138.701,346.636
2137.7,346.636
2136.7,346.636
2135.7,346.636
2134.7,346.636
2133.7,346.636
2132.7,346.636
2131.7,346.636
2130.699,346.636
2129.699,346.636
2128.699,346.636
2127.699,346.636
2126.699,346.636
2125.699,346.636
2124.699,346.636
2123.698,346.636
2122.698,346.636
2121.698,346.636
2120.698,346.636
2119.698,346.636
2118.698,346.636
2117.697,346.636
2116.697,346.636
2115.697,346.636
2114.697,346.636
2113.697,346.636
2112.697,346.636
2111.697,346.636
2110.696,346.636
2109.696,346.636
2108.696,346.636
2107.696,346.636
2106.696,346.636
2105.696,346.636
2104.695,346.636
2103.695,346.636
2102.695,346.636
2101.695,346.636
2100.695,346.636
2099.695,346.636
2096.694,346.636
2095.694,346.636
2094.694,346.636
2093.694,346.636
2092.694,346.636
2091.693,346.636
2090.693,346.636
2089.693,346.636
2088.693,346.636
2087.693,346.636
2086.693,346.636
2085.693,346.636
2084.692,346.636
2083.692,346.636
2082.692,346.636
2081.692,346.636
2080.692,346.636
2079.692,346.636
2078.691,346.636
2077.691,346.636
2076.691,346.636
2075.691,346.636
2074.691,346.636
2073.691,346.636
2072.691,346.636
2071.69,346.636
2070.69,346.636
2069.69,346.636
2068.69,346.636
2067.69,346.636
2066.69,346.636
2065.689,346.636
2064.689,346.636
2063.689,346.636
2062.689,346.636
2061.689,346.636
2060.689,346.636
2059.689,346.636
2058.688,346.636
2057.688,346.636
2056.688,346.636
2055.688,346.636
2054.688,346.636
2053.688,346.636
2052.687,346.636
2051.687,346.636
2050.687,346.636
2049.687,346.636
2048.687,346.636
2047.687,346.636
2046.687,346.636
2045.686,346.636
2044.686,346.636
2043.686,346.636
2042.686,346.636
2041.686,346.636
2040.686,346.636
2039.685,346.636
2038.685,346.636
2037.685,346.636
2036.685,346.636
2035.685,346.636
2034.685,346.635
2033.685,346.635
2032.684,346.635
2031.684,346.635
2030.684,346.635
2029.684,346.635
2028.684,346.635
2027.684,346.635
2026.683,346.635
2025.683,346.635
2024.683,346.635
2023.683,346.635
2022.683,346.635
2021.683,346.635
2020.683,346.635
2019.682,346.635
2018.682,346.635
2017.682,346.635
2016.682,346.635
2015.682,346.635
2014.682,346.635
2013.681,346.635
2012.681,346.635
2011.681,346.635
2010.681,346.635
2009.681,346.635
2008.681,346.635
2007.681,346.635
2006.68,346.635
2005.68,346.635
2004.68,346.635
2003.68,346.635
2002.68,346.635
2001.68,346.635
2000.679,346.635
1999.679,346.635
1998.679,346.635
1997.679,346.635
1996.679,346.635
1995.679,346.635
1994.679,346.635
1993.678,346.635
1992.678,346.635
1991.678,346.635
1990.678,346.635
1989.678,346.635
1988.678,346.635
1987.677,346.635
1986.677,346.635
1985.677,346.635
1984.677,346.635
1983.677,346.635
1982.677,346.635
1981.677,346.635
1980.676,346.635
1979.676,346.635
1978.676,346.635
1977.676,346.635
1976.676,346.635
1975.676,346.635
1974.675,346.635
1973.675,346.635
1972.675,346.635
1971.675,346.635
1970.675,346.635
1969.675,346.635
1968.675,346.635
1967.674,346.635
1966.674,346.635
1965.674,346.635
1964.674,346.635
1963.674,346.635
1962.674,346.635
1961.673,346.635
1960.673,346.635
1959.673,346.635
1958.673,346.635
1957.673,346.635
1956.673,346.635
1955.673,346.635
1954.672,346.635
1953.672,346.635
1952.672,346.635
1951.672,346.635
1950.672,346.635
1949.672,346.635
1948.671,346.635
1947.671,346.635
1946.671,346.635
1945.671,346.635
1944.671,346.635
1943.671,346.635
1942.671,346.635
1941.67,346.635
1940.67,346.635
1939.67,346.635
1938.67,346.635
1937.67,346.635
1936.67,346.635
1935.67,346.633
1934.669,346.633
1933.669,346.633
1932.669,346.633
1931.669,346.633
1930.669,346.633
1929.669,346.633
1928.668,346.633
1927.668,346.633
1926.668,346.633
1925.668,346.633
1924.668,346.633
1923.668,346.633
1922.668,346.633
1921.667,346.633
1920.667,346.633
1919.667,346.633
1918.667,346.633
1917.667,346.633
1916.667,346.633
1915.666,346.633
1914.666,346.633
1913.666,346.633
1912.666,346.633
1911.666,346.633
1910.666,346.633
1909.666,346.633
1908.665,346.683
1907.665,346.633
1906.665,346.633
1905.665,346.633
1904.665,346.633
1903.665,346.633
1902.664,346.633
1901.664,346.633
1900.664,346.633
1899.664,346.633
1898.664,346.633
1897.664,346.633
1896.664,346.633
1895.663,346.633
1894.663,346.633
1893.663,346.633
1892.663,346.633
1891.663,346.633
1890.663,346.633
1889.662,346.633
1888.662,346.633
1887.662,346.633
1886.662,346.633
1885.662,346.633
1884.662,346.633
1883.662,346.633
1882.661,346.633
1881.661,346.633
1880.661,346.633
1879.661,346.633
1878.661,346.633
1877.661,346.633
1876.66,346.633
1875.66,346.633
1874.66,346.633
1873.66,346.633
1872.66,346.633
1871.66,346.633
1870.66,346.633
1869.659,346.633
1868.659,346.633
1867.659,346.633
1866.659,346.633
1865.659,346.633
1864.659,346.633
1863.658,346.633
1862.658,346.633
1861.658,346.633
1860.658,346.633
1859.658,346.633
1858.658,346.633
1857.658,346.633
1856.657,346.633
1855.657,346.633
1854.657,346.633
1853.657,346.633
1852.657,346.633
1851.657,346.633
1850.656,346.633
1849.656,346.633
1848.656,346.633
1847.656,346.633
1846.656,346.633
1845.656,346.633
1844.656,346.633
1843.655,346.633
1842.655,346.633
1841.655,346.633
1840.655,346.633
1839.655,346.633
1838.655,346.633
1837.654,346.633
1836.654,346.633
1835.654,346.633
1834.654,346.633
1833.654,346.633
1832.654,346.633
1831.654,346.633
1830.653,346.633
1829.653,346.633
1828.653,346.633
1827.653,346.633
1826.653,346.633
1825.653,346.633
1824.652,346.633
1823.652,346.633
1822.652,346.633
1821.652,346.633
1820.652,346.633
1819.652,346.633
1818.652,346.633
1817.651,346.633
1816.651,346.633
1815.651,346.633
1814.651,346.633
1813.651,346.633
1812.651,346.632
1811.65,346.632
1810.65,346.632
1809.65,346.632
1808.65,346.632
1807.65,346.632
1806.65,346.632
1805.65,346.632
1804.649,346.632
1803.649,346.632
1802.649,346.632
1801.649,346.632
1800.649,346.632
1799.649,346.632
1798.648,346.632
1797.648,346.632
1796.648,346.632
1795.648,346.632
1794.648,346.632
1793.648,346.632
1792.648,346.632
1791.647,346.632
1790.647,346.632
1789.647,346.632
1788.647,346.632
1787.647,346.632
1786.647,346.632
1785.646,346.632
1784.646,346.632
1783.646,346.632
1782.646,346.632
1781.646,346.632
1780.646,346.632
1779.646,346.632
1778.645,346.632
1777.645,346.632
1776.645,346.632
1775.645,346.632
1774.645,346.632
1773.645,346.632
1772.644,346.632
1771.644,346.632
1770.644,346.632
1769.644,346.632
1768.644,346.632
1767.644,346.632
1766.644,346.632
1765.643,346.632
1764.643,346.632
1763.643,346.632
1762.643,346.632
1761.643,346.632
1760.643,346.632
1759.642,346.632
1758.642,346.632
1757.642,346.632
1756.642,346.632
1755.642,346.632
1754.642,346.632
1753.642,346.632
1752.641,346.632
1750.641,346.632
1749.641,346.632
1748.641,346.632
1747.641,346.632
1746.641,346.632
1745.64,346.632
1744.64,346.632
1743.64,346.632
1742.64,346.632
1741.64,346.632
1740.64,346.632
1739.639,346.632
1738.639,346.632
1737.639,346.632
1736.639,346.632
1735.639,346.632
1734.639,346.632
1733.639,346.632
1732.638,346.632
1731.638,346.632
1730.638,346.532
1729.638,346.632
1728.638,346.532
1727.638,346.632
1726.637,346.632
1725.637,346.632
1724.637,346.632
1723.637,346.632
1722.637,346.632
1721.637,346.632
1720.637,346.632
1719.636,346.632
1718.636,346.632
1717.636,346.632
1716.636,346.632
1715.636,346.632
1714.636,346.632
1713.635,346.632
1712.635,346.632
1711.635,346.632
1710.635,346.632
1709.635,346.632
1708.635,346.632
1707.635,346.632
1706.634,346.632
1705.634,346.632
1704.634,346.732
1703.634,346.632
1702.634,346.632
1701.634,346.632
1700.633,346.632
1699.633,346.632
1698.633,346.632
1697.633,346.632
1696.633,346.632
1695.633,346.632
1694.633,346.632
1693.632,346.632
1692.632,346.632
1691.632,346.632
1690.632,346.632
1689.632,346.632
1688.632,346.632
1687.631,346.632
1686.631,346.632
1685.631,346.632
1684.631,346.632
1683.631,346.632
1682.631,346.632
1681.631,346.632
1680.63,346.632
1679.63,346.632
1678.63,346.632
1677.63,346.632
1676.63,346.632
1675.63,346.632
1674.629,346.632
1673.629,346.632
1672.629,346.632
1671.629,346.632
1670.629,346.632
1669.629,346.632
1668.629,346.632
1667.628,346.632
1666.628,346.632
1665.628,346.632
1664.628,346.632
1663.628,346.632
1662.628,346.632
1661.627,346.632
1660.627,346.632
1659.627,346.632
1658.627,346.632
1657.627,346.632
1656.627,346.632
1655.627,346.632
1654.626,346.632
1653.626,346.632
1652.626,346.632
1651.626,346.632
1650.626,346.632
1649.626,346.632
1648.625,346.632
1647.625,346.632
1646.625,346.632
1645.625,346.632
1644.625,346.632
1643.625,346.632
1642.625,346.732
1641.624,346.632
1640.624,346.632
1639.624,346.632
1638.624,346.632
1637.624,346.632
1636.624,346.632
1635.623,346.632
1634.623,346.632
1633.623,346.632
1632.623,346.632
1631.623,346.632
1630.623,346.632
1629.623,346.632
1628.622,346.632
1627.622,346.632
1626.622,346.632
1625.622,346.632
1624.622,346.632
1623.622,346.732
1622.621,346.632
1621.621,346.632
1620.621,346.632
1619.621,346.632
1618.621,346.632
1617.621,346.632
1616.621,346.632
1615.62,346.632
1614.62,346.632
1613.62,346.632
1612.62,346.632
1611.62,346.632
1610.62,346.632
1609.619,346.632
1608.619,346.632
1607.619,346.632
1606.619,346.632
1605.619,346.632
1604.619,346.632
1603.619,346.632
1602.618,346.632
1601.618,346.632
1600.618,346.632
1599.618,346.632
1598.618,346.632
1597.618,346.632
1596.617,346.632
1595.617,346.632
1594.617,346.632
1593.617,346.632
1592.617,346.632
1591.617,346.632
1590.617,346.631
1589.616,346.631
1588.616,346.631
1587.616,346.631
1586.616,346.631
1585.616,346.631
1584.616,346.631
1583.615,346.631
1582.615,346.631
1581.615,346.631
1580.615,346.631
1579.615,346.631
1578.615,346.631
1577.615,346.631
1576.614,346.631
1575.614,346.631
1574.614,346.631
1573.614,346.631
1572.614,346.631
1571.614,346.631
1570.614,346.631
1569.613,346.631
1568.613,346.631
1567.613,346.631
1566.613,346.631
1565.613,346.631
1564.613,346.731
1563.612,346.631
1562.612,346.631
1561.612,346.631
1560.612,346.631
1559.612,346.631
1558.612,346.631
1557.612,346.631
1556.611,346.631
1555.611,346.631
1554.611,346.631
1553.611,346.681
1552.611,346.631
1551.611,346.631
1550.61,346.631
1549.61,346.631
1548.61,346.631
1547.61,346.631
1546.61,346.631
1545.61,346.631
1544.61,346.631
1543.609,346.631
1542.609,346.631
1541.609,346.731
1540.609,346.731
1539.609,346.731
1538.609,346.731
1537.608,346.731
1536.608,346.631
1535.608,346.731
1534.608,346.731
1533.608,346.731
1532.608,346.731
1531.608,346.731
1530.607,346.731
1529.607,346.631
1528.607,346.731
1527.607,346.731
1526.607,346.631
1525.607,346.731
1524.606,346.731
1523.606,346.731
1522.606,346.731
1521.606,346.631
1520.606,346.631
1519.606,346.731
1518.606,346.731
1517.605,346.631
1516.605,346.631
1515.605,346.631
1514.605,346.731
1513.605,346.731
1512.605,346.731
1511.604,346.631
1510.604,346.631
1509.604,346.631
1508.604,346.631
1507.604,346.731
1506.604,346.631
1505.604,346.731
1504.603,346.631
1503.603,346.731
1502.603,346.731
1501.603,346.631
1500.603,346.631
1499.603,346.631
1498.602,346.631
1497.602,346.631
1496.602,346.631
1495.602,346.731
1494.602,346.731
1493.602,346.681
1492.602,346.731
1491.601,346.631
1490.601,346.631
1489.601,346.731
1488.601,346.731
1487.601,346.631
1486.601,346.631
1485.6,346.731
1484.6,346.631
1483.6,346.631
1482.6,346.731
1481.6,346.731
1480.6,346.681
1479.6,346.631
1478.599,346.631
1477.599,346.631
1476.599,346.631
1475.599,346.631
1474.599,346.631
1473.599,346.631
1472.598,346.631
1471.598,346.631
1470.598,346.631
1469.598,346.631
1468.598,346.631
1467.598,346.631
1466.598,346.631
1465.597,346.631
1464.597,346.631
1463.597,346.631
1462.597,346.631
1461.597,346.631
1460.597,346.631
1459.596,346.631
1458.596,346.631
1457.596,346.631
1456.596,346.631
1455.596,346.631
1454.596,346.631
1453.596,346.631
1452.595,346.631
1451.595,346.631
1450.595,346.631
1449.595,346.631
1448.595,346.631
1447.595,346.631
1446.594,346.631
1445.594,346.731
1444.594,346.731
1443.594,346.731
1442.594,346.631
1441.594,346.631
1440.594,346.631
1439.593,346.631
1438.593,346.631
1437.593,346.631
1436.593,346.631
1435.593,346.631
1434.593,346.631
1433.592,346.631
1432.592,346.731
1431.592,346.631
1430.592,346.731
1429.592,346.731
1428.592,346.631
1427.592,346.681
1426.591,346.731
1425.591,346.631
1424.591,346.631
1423.591,346.631
1422.591,346.631
1421.591,346.631
1420.59,346.631
1419.59,346.631
1418.59,346.631
1417.59,346.631
1416.59,346.631
1415.59,346.631
1414.59,346.631
1413.589,346.731
1412.589,346.731
1411.589,346.731
1410.589,346.631
1409.589,346.681
1408.589,346.631
1407.588,346.631
1406.588,346.631
1405.588,346.681
1404.588,346.631
1403.588,346.631
1402.588,346.631
1401.588,346.631
1400.587,346.631
1399.587,346.731
1398.587,346.631
1397.587,346.631
1396.587,346.631
1395.587,346.631
1394.586,346.631
1393.586,346.631
1392.586,346.631
1391.586,346.631
1390.586,346.631
1389.586,346.631
1388.586,346.631
1387.585,346.731
1386.585,346.731
1385.585,346.731
1384.585,346.731
1383.585,346.731
1382.585,346.731
1381.585,346.731
1380.584,346.731
1379.584,346.631
1378.584,346.631
1377.584,346.631
1376.584,346.631
1375.584,346.631
1374.583,346.731
1373.583,346.731
1372.583,346.731
1371.583,346.731
1370.583,346.631
1369.583,346.731
1368.583,346.631
1367.582,346.631
1366.582,346.631
1365.582,346.731
1364.582,346.731
1363.582,346.731
1362.582,346.631
1361.581,346.631
1360.581,346.631
1359.581,346.631
1358.581,346.631
1357.581,346.631
1356.581,346.631
1355.581,346.731
1354.58,346.631
1353.58,346.681
1352.58,346.631
1351.58,346.731
1350.58,346.731
1349.58,346.631
1348.579,346.731
1347.579,346.631
1346.579,346.631
1345.579,346.631
1344.579,346.631
1343.579,346.631
1342.579,346.631
1341.578,346.631
1340.578,346.631
1339.578,346.631
1338.578,346.631
1337.578,346.631
1336.578,346.631
1335.577,346.631
1334.577,346.631
1333.577,346.631
1332.577,346.631
1331.577,346.631
1330.577,346.631
1329.577,346.631
1328.576,346.631
1327.576,346.631
1326.576,346.631
1325.576,346.631
1324.576,346.631
1323.576,346.631
1322.575,346.631
1321.575,346.631
1320.575,346.631
1319.575,346.631
1318.575,346.631
1317.575,346.631
1316.575,346.631
1315.574,346.631
1314.574,346.631
1313.574,346.631
1312.574,346.631
1311.574,346.631
1310.574,346.631
1309.573,346.631
1308.573,346.631
1307.573,346.631
1306.573,346.631
1305.573,346.631
1304.573,346.631
1303.573,346.631
1302.572,346.631
1301.572,346.631
1300.572,346.631
1299.572,346.631
1298.572,346.631
1297.572,346.631
1296.571,346.631
1295.571,346.631
1294.571,346.631
1293.571,346.631
1292.571,346.631
1291.571,346.631
1290.571,346.631
1289.57,346.631
1288.57,346.531
1287.57,346.631
1286.57,346.631
1285.57,346.631
1284.57,346.631
1283.569,346.631
1282.569,346.631
1281.569,346.631
1280.569,346.631
1279.569,346.631
1278.569,346.631
1277.569,346.631
1276.568,346.631
1275.568,346.631
1274.568,346.631
1273.568,346.631
1272.568,346.631
1271.568,346.631
1270.567,346.631
1269.567,346.631
1268.567,346.631
1267.567,346.631
1266.567,346.631
1265.567,346.631
1264.567,346.631
1263.566,346.631
1262.566,346.631
1261.566,346.631
1260.566,346.631
1259.566,346.631
1258.566,346.631
1257.565,346.631
1256.565,346.631
1255.565,346.631
1254.565,346.631
1253.565,346.631
1252.565,346.631
1251.565,346.631
1250.564,346.631
1249.564,346.531
1248.564,346.631
1247.564,346.631
1246.564,346.631
1245.564,346.631
1244.563,346.631
1243.563,346.631
1242.563,346.631
1241.563,346.631
1240.563,346.631
1239.563,346.631
1238.563,346.631
1237.562,346.631
1236.562,346.631
1235.562,346.531
1234.562,346.531
1233.562,346.631
1232.562,346.531
1231.561,346.631
1230.561,346.531
1229.561,346.531
1228.561,346.631
1227.561,346.581
1226.561,346.631
1225.561,346.631
1224.56,346.531
1223.56,346.631
1222.56,346.631
1221.56,346.531
1220.56,346.531
1219.56,346.531
1218.559,346.531
1217.559,346.531
1216.559,346.531
1215.559,346.631
1214.559,346.631
1213.559,346.531
1212.559,346.631
1211.558,346.631
1210.558,346.631
1209.558,346.631
1208.558,346.631
1207.558,346.631
1206.558,346.531
1205.558,346.531
1204.557,346.631
1203.557,346.631
1202.557,346.531
1201.557,346.531
1200.557,346.531
1199.557,346.531
1198.556,346.531
1197.556,346.531
1196.556,346.531
1195.556,346.531
1194.556,346.531
1193.556,346.631
1192.556,346.531
1191.555,346.531
1190.555,346.531
1189.555,346.631
1188.555,346.631
1187.555,346.531
1186.555,346.631
1185.554,346.631
1184.554,346.631
1183.554,346.631
1182.554,346.631
1181.554,346.631
1180.554,346.631
1179.554,346.631
1178.553,346.631
1177.553,346.631
1176.553,346.531
1175.553,346.531
1174.553,346.531
1173.553,346.531
1172.552,346.631
1171.552,346.531
1170.552,346.531
1169.552,346.631
1168.552,346.631
1167.552,346.631
1166.552,346.631
1165.551,346.631
1164.551,346.631
1163.551,346.631
1162.551,346.631
1161.551,346.631
1160.551,346.631
1159.55,346.531
1158.55,346.631
1157.55,346.631
1156.55,346.631
1155.55,346.631
1154.55,346.531
1153.55,346.631
1152.549,346.531
1151.549,346.531
1150.549,346.531
1149.549,346.531
1148.549,346.531
1147.549,346.531
1146.548,346.531
1145.548,346.631
1144.548,346.531
1143.548,346.531
1142.548,346.631
1141.548,346.531
1140.548,346.631
1139.547,346.531
1138.547,346.631
1137.547,346.531
1136.547,346.531
1135.547,346.631
1134.547,346.531
1133.546,346.531
1132.546,346.531
1131.546,346.531
1130.546,346.531
1129.546,346.531
1128.546,346.631
1127.546,346.631
1126.545,346.631
1125.545,346.631
1124.545,346.631
1123.545,346.631
1122.545,346.631
1121.545,346.631
1120.544,346.631
1119.544,346.631
1118.544,346.631
1117.544,346.631
1116.544,346.631
1115.544,346.631
1114.544,346.631
1113.543,346.631
1112.543,346.631
1111.543,346.631
1110.543,346.631
1109.543,346.631
1108.543,346.631
1107.542,346.631
1106.542,346.631
1105.542,346.631
1104.542,346.631
1103.542,346.631
1102.542,346.631
1101.542,346.631
1100.541,346.631
1099.541,346.631
1098.541,346.631
1097.541,346.631
1096.541,346.631
1095.541,346.631
1094.54,346.631
1093.54,346.631
1092.54,346.631
1091.54,346.631
1090.54,346.631
1089.54,346.631
1088.54,346.631
1087.539,346.631
1086.539,346.631
1085.539,346.631
1084.539,346.631
1083.539,346.631
1082.539,346.631
1081.538,346.631
1080.538,346.631
1079.538,346.631
1078.538,346.631
1077.538,346.631
1076.538,346.631
1075.538,346.631
1074.537,346.631
1073.537,346.631
1072.537,346.631
1071.537,346.631
1070.537,346.631
1069.537,346.631
1068.536,346.631
1067.536,346.631
1066.536,346.631
1065.536,346.631
1064.536,346.631
1063.536,346.631
1062.536,346.631
1061.535,346.631
1060.535,346.631
1059.535,346.631
1058.535,346.631
1057.535,346.631
1056.535,346.631
1055.534,346.631
1054.534,346.631
1053.534,346.631
1052.534,346.631
1051.534,346.631
1050.534,346.631
1049.534,346.631
1048.533,346.631
1047.533,346.631
1046.533,346.631
1045.533,346.631
1044.533,346.631
1043.533,346.631
1042.532,346.631
1041.532,346.631
1040.532,346.631
1039.532,346.631
1038.532,346.631
1037.532,346.631
1036.532,346.631
1035.531,346.631
1034.531,346.631
1033.531,346.631
1032.531,346.631
1031.531,346.631
1030.531,346.631
1029.531,346.631
1028.53,346.631
1027.53,346.631
1026.53,346.631
1025.53,346.631
1024.53,346.631
1023.53,346.631
1022.529,346.631
1021.529,346.631
1020.529,346.631
1019.529,346.631
1018.529,346.631
1017.529,346.631
1016.529,346.631
1015.528,346.581
1014.528,346.631
1013.528,346.631
1012.528,346.631
1011.528,346.631
1010.528,346.631
1009.527,346.631
1008.527,346.631
1007.527,346.631
1006.527,346.631
1005.527,346.631
1004.527,346.631
1003.527,346.631
1002.526,346.631
1001.526,346.631
1000.526,346.631
999.526,346.631
998.526,346.631
997.526,346.631
996.525,346.631
995.525,346.631
994.525,346.631
993.525,346.631
992.525,346.631
991.525,346.631
990.525,346.631
989.524,346.631
988.524,346.631
987.524,346.631
986.524,346.631
985.524,346.631
984.524,346.631
983.523,346.631
982.523,346.631
981.523,346.631
980.523,346.631
979.523,346.631
978.523,346.631
977.523,346.631
976.522,346.631
975.522,346.631
974.522,346.631
973.522,346.631
972.522,346.631
971.522,346.631
970.521,346.631
969.521,346.631
968.521,346.631
967.521,346.631
966.521,346.631
965.521,346.63
964.521,346.63
963.52,346.63
962.52,346.63
961.52,346.63
960.52,346.63
959.52,346.63
958.52,346.63
957.519,346.63
956.519,346.63
955.519,346.63
954.519,346.63
953.519,346.63
952.519,346.63
951.519,346.63
950.518,346.63
949.518,346.63
948.518,346.63
947.518,346.63
946.518,346.63
945.518,346.63
944.517,346.63
943.517,346.63
942.517,346.63
941.517,346.63
940.517,346.63
939.517,346.63
938.517,346.63
937.516,346.63
936.516,346.63
935.516,346.63
934.516,346.63
933.516,346.63
932.516,346.63
931.515,346.63
930.515,346.63
929.515,346.63
928.515,346.63
927.515,346.63
926.515,346.63
925.515,346.63
924.514,346.63
923.514,346.63
922.514,346.63
921.514,346.63
920.514,346.63
919.514,346.63
918.513,346.63
917.513,346.63
916.513,346.63
915.513,346.63
914.513,346.63
913.513,346.63
912.513,346.63
911.512,346.63
910.512,346.63
909.512,346.63
908.512,346.63
907.512,346.63
906.512,346.63
905.511,346.63
904.511,346.63
903.511,346.63
902.511,346.63
901.511,346.63
900.511,346.63
899.511,346.63
898.51,346.63
897.51,346.63
896.51,346.63
895.51,346.63
894.51,346.63
893.51,346.63
892.509,346.63
891.509,346.63
890.509,346.63
889.509,346.63
888.509,346.63
887.509,346.63
886.509,346.63
885.508,346.63
884.508,346.63
883.508,346.63
882.508,346.63
881.508,346.63
880.508,346.63
879.507,346.63
878.507,346.63
877.507,346.63
876.507,346.63
875.507,346.63
874.507,346.63
873.507,346.63
872.506,346.63
871.506,346.63
870.506,346.63
869.506,346.63
868.506,346.63
867.506,346.63
866.505,346.63
865.505,346.63
864.505,346.63
863.505,346.63
862.505,346.63
861.505,346.63
860.505,346.63
859.504,346.63
858.504,346.63
857.504,346.63
856.504,346.63
855.504,346.63
854.504,346.63
853.503,346.63
852.503,346.63
851.503,346.63
850.503,346.63
849.503,346.63
848.503,346.63
847.503,346.63
846.502,346.63
845.502,346.63
844.502,346.63
843.502,346.63
842.502,346.63
841.502,346.63
840.502,346.63
839.501,346.63
838.501,346.63
837.501,346.63
836.501,346.63
835.501,346.63
834.501,346.63
833.5,346.63
832.5,346.63
831.5,346.63
830.5,346.63
829.5,346.63
828.5,346.63
827.5,346.63
826.499,346.63
825.499,346.63
824.499,346.63
823.499,346.63
822.499,346.63
821.499,346.63
820.498,346.63
819.498,346.63
818.498,346.63
817.498,346.63
816.498,346.63
815.498,346.63
814.498,346.63
813.497,346.63
812.497,346.63
811.497,346.63
810.497,346.63
809.497,346.63
808.497,346.63
807.496,346.63
806.496,346.63
805.496,346.63
804.496,346.63
803.496,346.53
802.496,346.63
801.496,346.63
800.495,346.63
799.495,346.63
798.495,346.63
797.495,346.63
796.495,346.63
795.495,346.63
794.494,346.63
793.494,346.629
792.494,346.629
791.494,346.629
790.494,346.629
789.494,346.629
788.494,346.629
787.493,346.629
786.493,346.629
785.493,346.629
784.493,346.629
783.493,346.629
782.493,346.629
781.492,346.629
780.492,346.629
779.492,346.629
778.492,346.629
777.492,346.629
776.492,346.629
775.492,346.629
774.491,346.629
773.491,346.629
772.491,346.629
771.491,346.629
770.491,346.629
769.491,346.629
768.49,346.629
767.49,346.629
766.49,346.629
765.49,346.629
764.49,346.629
763.49,346.629
762.49,346.629
761.489,346.629
760.489,346.629
759.489,346.629
758.489,346.629
757.489,346.629
756.489,346.629
755.488,346.629
754.488,346.629
753.488,346.629
752.488,346.629
751.488,346.629
750.488,346.629
749.488,346.629
748.487,346.629
747.487,346.629
746.487,346.629
745.487,346.629
744.487,346.629
743.487,346.629
742.486,346.629
741.486,346.629
740.486,346.629
739.486,346.629
738.486,346.629
737.486,346.629
736.486,346.629
735.485,346.629
734.485,346.629
733.485,346.629
732.485,346.629
731.485,346.629
730.485,346.629
729.484,346.629
728.484,346.629
727.484,346.629
726.484,346.629
725.484,346.629
724.484,346.629
723.484,346.629
722.483,346.629
721.483,346.629
720.483,346.629
719.483,346.579
718.483,346.629
717.483,346.629
716.482,346.579
715.482,346.629
714.482,346.629
713.482,346.629
712.482,346.629
711.482,346.629
710.482,346.629
709.481,346.629
708.481,346.629
707.481,346.629
706.481,346.629
705.481,346.629
704.481,346.629
703.48,346.629
702.48,346.629
701.48,346.629
700.48,346.629
699.48,346.629
698.48,346.629
697.48,346.629
696.479,346.629
695.479,346.629
694.479,346.629
693.479,346.629
692.479,346.629
691.479,346.629
690.478,346.629
689.478,346.629
688.478,346.629
687.478,346.629
686.478,346.629
685.478,346.629
684.478,346.629
683.477,346.629
682.477,346.629
681.477,346.629
680.477,346.629
679.477,346.629
678.477,346.629
677.476,346.629
676.476,346.629
675.476,346.629
674.476,346.629
673.476,346.629
672.476,346.629
671.476,346.529
670.475,346.579
669.475,346.529
668.475,346.629
667.475,346.629
666.475,346.629
665.475,346.629
664.474,346.629
663.474,346.629
662.474,346.629
661.474,346.629
660.474,346.629
659.474,346.629
658.474,346.629
657.473,346.629
656.473,346.629
655.473,346.629
654.473,346.629
653.473,346.629
652.473,346.629
651.473,346.629
650.472,346.629
649.472,346.629
648.472,346.629
647.472,346.629
646.472,346.579
645.472,346.629
644.471,346.629
643.471,346.629
642.471,346.629
641.471,346.629
640.471,346.629
639.471,346.629
638.471,346.629
637.47,346.629
636.47,346.629
635.47,346.629
634.47,346.629
633.47,346.629
632.47,346.629
631.469,346.629
630.469,346.629
629.469,346.629
628.469,346.629
627.469,346.629
626.469,346.629
625.469,346.629
624.468,346.629
623.468,346.629
622.468,346.629
621.468,346.629
620.468,346.629
619.468,346.629
618.467,346.629
617.467,346.629
616.467,346.629
615.467,346.629
614.467,346.629
613.467,346.629
612.467,346.629
611.466,346.629
610.466,346.629
609.466,346.629
608.466,346.629
607.466,346.629
606.466,346.629
605.465,346.629
604.465,346.629
603.465,346.629
602.465,346.629
601.465,346.629
600.465,346.629
599.465,346.629
598.464,346.629
597.464,346.629
596.464,346.629
595.464,346.629
594.464,346.629
593.464,346.629
592.463,346.579
591.463,346.629
590.463,346.629
589.463,346.629
588.463,346.629
587.463,346.629
586.463,346.629
585.462,346.629
584.462,346.629
583.462,346.629
582.462,346.629
581.462,346.629
580.462,346.629
579.461,346.629
578.461,346.629
577.461,346.629
576.461,346.629
575.461,346.629
574.461,346.629
573.461,346.629
572.46,346.629
571.46,346.629
570.46,346.629
569.46,346.629
568.46,346.629
567.46,346.629
566.459,346.629
565.459,346.629
564.459,346.629
563.459,346.629
562.459,346.529
561.459,346.629
560.459,346.629
559.458,346.629
558.458,346.629
557.458,346.629
556.458,346.629
555.458,346.629
554.458,346.629
553.457,346.629
552.457,346.629
551.457,346.629
550.457,346.629
549.457,346.629
548.457,346.629
547.457,346.629
546.456,346.629
545.456,346.629
544.456,346.629
543.456,346.629
542.456,346.629
541.456,346.629
540.455,346.629
539.455,346.629
538.455,346.629
537.455,346.629
536.455,346.629
535.455,346.629
534.455,346.579
533.454,346.629
532.454,346.629
531.454,346.629
530.454,346.629
529.454,346.629
528.454,346.629
527.453,346.629
526.453,346.629
525.453,346.629
524.453,346.629
523.453,346.629
522.453,346.629
521.453,346.629
520.452,346.629
519.452,346.629
518.452,346.629
517.452,346.629
516.452,346.629
515.452,346.629
514.451,346.629
513.451,346.629
512.451,346.629
511.451,346.629
510.451,346.629
509.451,346.629
508.451,346.629
507.45,346.629
506.45,346.629
505.45,346.629
504.45,346.629
503.45,346.629
502.45,346.629
501.449,346.629
500.449,346.629
499.449,346.629
498.449,346.629
497.449,346.629
496.449,346.629
495.449,346.629
494.448,346.629
493.448,346.629
492.448,346.629
491.448,346.629
490.448,346.629
489.448,346.629
488.447,346.629
487.447,346.629
486.447,346.629
485.447,346.629
484.447,346.629
483.447,346.629
482.447,346.629
481.446,346.629
480.446,346.629
479.446,346.629
478.446,346.629
477.446,346.629
476.446,346.629
475.446,346.629
474.445,346.629
473.445,346.629
472.445,346.629
471.445,346.629
470.445,346.629
469.445,346.629
468.444,346.629
467.444,346.629
466.444,346.629
465.444,346.579
464.444,346.629
463.444,346.628
462.444,346.628
461.443,346.628
460.443,346.628
459.443,346.628
458.443,346.628
457.443,346.628
456.443,346.628
455.442,346.628
454.442,346.628
453.442,346.628
452.442,346.628
451.442,346.628
450.442,346.628
449.442,346.628
448.441,346.628
447.441,346.628
446.441,346.628
445.441,346.628
444.441,346.628
443.441,346.628
442.44,346.628
441.44,346.628
440.44,346.628
439.44,346.628
438.44,346.628
437.44,346.628
436.44,346.628
435.439,346.628
434.439,346.628
433.439,346.628
432.439,346.628
431.439,346.628
430.439,346.528
429.438,346.628
428.438,346.628
427.438,346.628
426.438,346.628
425.438,346.528
424.438,346.628
423.438,346.528
422.437,346.528
421.437,346.528
420.437,346.528
419.437,346.578
418.437,346.528
417.437,346.528
416.436,346.628
415.436,346.628
414.436,346.528
413.436,346.578
412.436,346.528
411.436,346.528
410.436,346.528
409.435,346.528
408.435,346.528
407.435,346.578
406.435,346.528
405.435,346.528
404.435,346.528
403.434,346.528
402.434,346.528
401.434,346.628
400.434,346.528
399.434,346.528
398.434,346.528
397.434,346.528
396.433,346.528
395.433,346.528
394.433,346.528
393.433,346.528
392.433,346.528
391.433,346.528
390.432,346.528
389.432,346.528
388.432,346.528
387.432,346.528
386.432,346.528
385.432,346.528
384.432,346.528
383.431,346.628
382.431,346.628
381.431,346.528
380.431,346.528
379.431,346.628
378.431,346.628
377.43,346.628
376.43,346.628
375.43,346.628
374.43,346.628
373.43,346.528
372.43,346.628
371.43,346.628
370.429,346.628
369.429,346.628
368.429,346.628
367.429,346.628
366.429,346.628
365.429,346.628
364.428,346.578
363.428,346.628
362.428,346.628
361.428,346.628
360.428,346.628
359.428,346.628
358.428,346.628
357.427,346.628
356.427,346.628
355.427,346.628
354.427,346.628
353.427,346.628
352.427,346.628
351.426,346.528
350.426,346.628
349.426,346.628
348.426,346.628
347.426,346.528
346.426,346.528
345.426,346.528
344.425,346.528
343.425,346.528
342.425,346.628
341.425,346.528
340.425,346.528
339.425,346.528
338.424,346.528
337.424,346.528
336.424,346.628
335.424,346.578
334.424,346.628
333.424,346.628
332.424,346.628
331.423,346.628
330.423,346.528
329.423,346.528
328.423,346.628
327.423,346.528
326.423,346.528
325.422,346.528
324.422,346.528
323.422,346.528
322.422,346.528
321.422,346.528
320.422,346.528
319.422,346.528
318.421,346.528
317.421,346.528
316.421,346.528
315.421,346.528
314.421,346.528
313.421,346.528
312.42,346.528
311.42,346.528
310.42,346.428
309.42,346.428
308.42,346.427
307.42,346.427
306.42,346.437
305.419,346.437
304.419,346.437
303.419,346.437
302.419,346.447
301.419,346.447
300.419,346.457
299.418,346.457
298.418,346.457
297.418,346.457
296.418,346.467
295.418,346.467
294.418,346.467
293.418,346.467
292.417,346.477
291.417,346.477
290.417,346.477
289.417,346.477
288.417,346.487
287.417,346.487
286.417,346.487
285.416,346.492
284.416,346.497
283.416,346.497
282.416,346.497
281.416,346.502
281.169,346.431
280.416,346.507
279.415,346.507
278.415,346.507
277.415,346.517
276.415,346.517
275.415,346.517
274.415,346.517
273.415,346.527
272.414,346.526
271.414,346.526
270.414,346.526
269.414,346.526
268.414,346.626
267.414,346.626
266.413,346.626
265.413,346.626
264.413,346.626
263.413,346.626
262.413,346.626
261.413,346.626
260.413,346.626
259.412,346.626
258.412,346.626
257.412,346.626
256.412,346.626
255.412,346.576
254.412,346.626
253.411,346.626
252.411,346.626
251.411,346.626
250.411,346.626
249.411,346.626
248.411,346.576
247.411,346.526
246.41,346.526
245.41,346.626
244.41,346.626
243.41,346.626
242.41,346.626
241.41,346.626
240.409,346.626
239.409,346.526
238.409,346.626
237.409,346.526
236.409,346.626
235.409,346.526
234.409,346.526
233.408,346.526
232.408,346.526
231.408,346.526
230.408,346.576
229.408,346.626
228.408,346.526
227.407,346.526
226.407,346.626
225.407,346.526
224.407,346.526
223.407,346.526
222.407,346.526
221.407,346.526
220.406,346.526
219.406,346.526
218.406,346.526
217.406,346.526
216.406,346.526
215.406,346.526
214.405,346.526
213.405,346.526
212.405,346.526
211.405,346.526
210.405,346.526
209.405,346.526
208.405,346.526
207.404,346.526
206.404,346.526
205.404,346.526
204.404,346.526
203.404,346.526
202.404,346.526
201.403,346.526
200.403,346.526
199.403,346.526
198.403,346.526
197.403,346.526
196.403,346.626
195.403,346.626
194.402,346.626
193.402,346.626
192.402,346.626
191.402,346.626
190.402,346.626
189.402,346.626
188.401,346.626
187.401,346.626
186.401,346.626
185.401,346.626
184.401,346.626
183.401,346.626
182.401,346.626
181.4,346.626
180.4,346.626
179.4,346.626
178.4,346.626
177.4,346.626
176.4,346.626
175.399,346.626
174.399,346.626
173.399,346.626
172.399,346.626
171.399,346.626
170.399,346.626
169.399,346.626
168.398,346.625
167.398,346.625
166.398,346.625
165.398,346.625
164.398,346.625
163.398,346.625
162.397,346.525
161.397,346.625
160.397,346.625
159.397,346.575
158.397,346.625
157.397,346.575
156.397,346.625
155.396,346.625
154.396,346.625
153.396,346.525
152.396,346.575
151.396,346.525
150.396,346.625
149.395,346.525
148.395,346.625
147.395,346.575
146.395,346.525
145.395,346.575
144.395,346.525
143.395,346.525
142.394,346.525
141.394,346.525
140.394,346.625
139.394,346.625
138.394,346.625
137.394,346.575
136.393,346.525
135.393,346.525
134.393,346.525
133.393,346.625
132.393,346.575
131.393,346.625
130.393,346.525
129.392,346.525
128.392,346.525
127.392,346.525
126.392,346.525
125.392,346.525
124.392,346.525
123.391,346.625
122.391,346.525
121.391,346.525
120.391,346.525
119.391,346.525
118.391,346.525
117.391,346.525
116.39,346.525
115.39,346.525
114.39,346.525
113.39,346.525
112.39,346.525
111.39,346.525
110.39,346.525
109.389,346.525
108.389,346.525
107.389,346.525
106.389,346.525
105.389,346.625
104.389,346.625
103.388,346.625
102.388,346.525
101.388,346.575
100.388,346.625
99.388,346.625
98.388,346.525
97.388,346.625
96.387,346.525
95.387,346.525
94.387,346.525
93.387,346.625
92.387,346.625
91.387,346.525
90.386,346.575
89.386,346.625
88.386,346.625
87.386,346.575
86.386,346.525
85.386,346.525
84.386,346.525
83.385,346.525
82.385,346.525
81.385,346.625
80.385,346.525
79.385,346.525
78.385,346.525
77.384,346.525
76.384,346.525
75.384,346.525
74.384,346.525
73.384,346.625
72.384,346.525
71.384,346.625
70.383,346.525
69.383,346.525
68.383,346.625
67.383,346.525
66.383,346.525
65.383,346.625
64.382,346.525
63.382,346.525
62.382,346.525
61.382,346.525
60.382,346.525
59.382,346.525
58.382,346.525
57.381,346.525
56.381,346.525
55.381,346.525
54.381,346.525
53.381,346.525
52.381,346.525
51.38,346.525
50.38,346.525
49.38,346.525
48.38,346.525
47.38,346.525
46.38,346.525
45.38,346.525
44.379,346.525
43.379,346.525
42.379,346.525
41.379,346.525
40.379,346.525
39.379,346.525
38.378,346.625
37.378,346.525
36.378,346.525
35.378,346.525
34.378,346.575
33.378,346.525
32.378,346.525
31.377,346.525
30.377,346.525
29.377,346.575
28.377,346.575
27.377,346.525
26.377,346.525
25.376,346.525
24.376,346.525
23.376,346.525
22.376,346.525
21.376,346.525
20.376,346.525
19.376,346.525
18.375,346.525
17.375,346.525
16.375,346.525
15.375,346.525
14.375,346.525
13.375,346.525
