time_index,cell_id,station_m,center_x_m,center_y_m,length_m,width_m,area_m2,discharge_m3s,water_surface_m,depth_m,velocity_ms,flow_area_m2,top_width_m,hydraulic_radius_m,manning_n,slope,habitat_type,hydraulic_source,cross_section_source,date
0,gis-hydro-001,784.327,568756.518,4825004.542,1568.654,24.207,37973.086,15.092879233536001,19.01263137142903,0.7582606073665287,0.7487035810840421,20.158684444494227,26.585430192010364,0.754339847533059,0.035,0.001,run,builtin-1d-gis-boundary,synthetic-boundary-width,2025-10-01
0,gis-hydro-002,2352.981,567789.751,4826062.573,1568.654,28.17,44189.728,15.092879233536001,17.36638707411548,0.7134456513638197,0.7195880726487598,20.974332131409618,29.39864037479964,0.7107697695061181,0.035,0.001,run,builtin-1d-gis-boundary,synthetic-boundary-width,2025-10-01
0,gis-hydro-003,3921.635,566847.443,4827054.552,1568.654,30.812,48333.285,15.092879233536001,15.858860038198749,0.7487957640332541,0.7426247811896681,20.323694570705747,27.141839666981838,0.7451718018915015,0.035,0.001,run,builtin-1d-gis-boundary,synthetic-boundary-width,2025-10-01
0,gis-hydro-004,5490.289,565521.108,4827797.83,1568.654,13.387,21000.353,15.092879233536001,14.343221960058761,0.7791944542112929,0.7620138850448246,19.806567215829904,25.41928668611775,0.7745446010992003,0.035,0.001,margin,builtin-1d-gis-boundary,synthetic-boundary-width,2025-10-01
0,gis-hydro-005,7058.942,564665.004,4828378.085,1568.654,19.67,30855.472,15.092879233536001,12.680716408177737,0.7252177126998636,0.727317906838003,20.751419828437786,28.61405542782972,0.7222525052992399,0.035,0.001,run,builtin-1d-gis-boundary,synthetic-boundary-width,2025-10-01
0,gis-hydro-006,8627.596,562885.639,4829334.006,1568.654,39.689,62257.871,15.092879233536001,10.93968106064062,0.6238534305547201,0.6588473131796553,22.908007563537648,36.72017567198152,0.6227004484590596,0.035,0.001,run,builtin-1d-gis-boundary,synthetic-boundary-width,2025-10-01
0,gis-hydro-007,10196.25,562073.784,4829983.077,1568.654,36.082,56599.409,15.092879233536001,9.333171755555316,0.6011306314746537,0.6428912781117773,23.476565552211234,39.05401642005845,0.6002168848112602,0.035,0.001,run,builtin-1d-gis-boundary,synthetic-boundary-width,2025-10-01
0,gis-hydro-008,11764.904,561256.111,4831564.054,1568.654,25.165,39474.771,15.092879233536001,8.027728669518082,0.7557760629320909,0.7471115364087133,20.201641251701034,26.72966536321252,0.7519351103480779,0.035,0.001,run,builtin-1d-gis-boundary,synthetic-boundary-width,2025-10-01
0,gis-hydro-009,13333.558,560321.495,4832541.506,1568.654,22.125,34706.308,15.092879233536001,6.502509171942949,0.7806546426424453,0.7629353736295684,19.78264444828864,25.341096264189474,0.7759499829057959,0.035,0.001,riffle,builtin-1d-gis-boundary,synthetic-boundary-width,2025-10-01
0,gis-hydro-010,14902.212,559196.347,4833383.376,1568.654,14.231,22323.125,15.092879233536001,5.249664164993191,0.9576789170722128,0.8675859486192543,17.396408110984297,18.165178120625306,0.9409578291072539,0.035,0.001,margin,builtin-1d-gis-boundary,synthetic-boundary-width,2025-10-01
0,gis-hydro-011,16470.866,558448.169,4834344.865,1568.654,32.261,50607.04,15.092879233536001,3.24519307968557,0.7115221367899661,0.7183195075670291,21.01137317661894,29.53017494495927,0.7088911990506881,0.035,0.001,run,builtin-1d-gis-boundary,synthetic-boundary-width,2025-10-01
0,gis-hydro-012,18039.52,556672.69,4835019.392,1568.654,33.332,52286.337,15.092879233536001,1.7758269482640765,0.7688052234322231,0.7554313376119762,19.979154268668143,25.98727695875167,0.7645301705819586,0.035,0.001,riffle,builtin-1d-gis-boundary,synthetic-boundary-width,2025-10-01
1,gis-hydro-001,784.327,568756.518,4825004.542,1568.654,24.207,37973.086,14.384958068736001,18.986544044501127,0.7432524004883748,0.7388184068238272,19.47022155359771,26.195975338665917,0.7394501057651782,0.035,0.001,run,builtin-1d-gis-boundary,synthetic-boundary-width,2025-10-02
1,gis-hydro-002,2352.981,567789.751,4826062.573,1568.654,28.17,44189.728,14.384958068736001,17.341930904406176,0.6992048316915652,0.7099995964266502,20.260515838507388,28.976510058564287,0.6966119425847829,0.035,0.001,run,builtin-1d-gis-boundary,synthetic-boundary-width,2025-10-02
1,gis-hydro-003,3921.635,566847.443,4827054.552,1568.654,30.812,48333.285,14.384958068736001,15.833117333909593,0.733949590345434,0.7328015271567367,19.630087459764866,26.74582521467986,0.7304357146860538,0.035,0.001,run,builtin-1d-gis-boundary,synthetic-boundary-width,2025-10-02
1,gis-hydro-004,5490.289,565521.108,4827797.83,1568.654,13.387,21000.353,14.384958068736001,14.316372144566008,0.7638278535522546,0.7519932327304689,19.129105745412858,25.043739445283542,0.7593168769582445,0.035,0.001,margin,builtin-1d-gis-boundary,synthetic-boundary-width,2025-10-02
1,gis-hydro-005,7058.942,564665.004,4828378.085,1568.654,19.67,30855.472,14.384958068736001,12.655831898855032,0.7107752480818753,0.7176506471171238,20.044513478141283,28.20091657979672,0.7079013607598085,0.035,0.001,run,builtin-1d-gis-boundary,synthetic-boundary-width,2025-10-02
1,gis-hydro-006,8627.596,562885.639,4829334.006,1568.654,39.689,62257.871,14.384958068736001,10.9184771273381,0.6111488629043051,0.6498821697894782,22.134717241736055,36.21820899174601,0.6100337985587039,0.035,0.001,run,builtin-1d-gis-boundary,synthetic-boundary-width,2025-10-02
1,gis-hydro-007,10196.25,562073.784,4829983.077,1568.654,36.082,56599.409,14.384958068736001,9.31279089821966,0.5888172760991829,0.634090466394073,22.68597121565312,38.52803261131183,0.5879340751217544,0.035,0.001,run,builtin-1d-gis-boundary,synthetic-boundary-width,2025-10-02
1,gis-hydro-008,11764.904,561256.111,4831564.054,1568.654,25.165,39474.771,14.384958068736001,8.001731814007515,0.7408103898673182,0.7372425767339915,19.511838467688385,26.33850541861734,0.7370856536846474,0.035,0.001,run,builtin-1d-gis-boundary,synthetic-boundary-width,2025-10-02
1,gis-hydro-009,13333.558,560321.495,4832541.506,1568.654,22.125,34706.308,14.384958068736001,6.4756061565775935,0.7652630403942366,0.7529053484480456,19.105931573454136,24.966489383325545,0.7606987825892073,0.035,0.001,riffle,builtin-1d-gis-boundary,synthetic-boundary-width,2025-10-02
1,gis-hydro-010,14902.212,559196.347,4833383.376,1568.654,14.231,22323.125,14.384958068736001,5.216294711637887,0.939245334001206,0.8565033580663156,16.794981517891763,17.881357415261004,0.9229829028333935,0.035,0.001,margin,builtin-1d-gis-boundary,synthetic-boundary-width,2025-10-02
1,gis-hydro-011,16470.866,558448.169,4834344.865,1568.654,32.261,50607.04,14.384958068736001,3.2208068917544894,0.6973142731238265,0.7087439591416925,20.296410125536113,29.10654622715854,0.6947650292938311,0.035,0.001,run,builtin-1d-gis-boundary,synthetic-boundary-width,2025-10-02
1,gis-hydro-012,18039.52,556672.69,4835019.392,1568.654,33.332,52286.337,14.384958068736001,1.7493555948377701,0.7536164964882002,0.7454776649332913,19.29629651617159,25.604928509515084,0.7494698560033373,0.035,0.001,run,builtin-1d-gis-boundary,synthetic-boundary-width,2025-10-02
2,gis-hydro-001,784.327,568756.518,4825004.542,1568.654,24.207,37973.086,16.70693948928,19.069641173725927,0.7908645949869421,0.7699556111402482,21.698574888672137,27.43652330147666,0.786684543180612,0.035,0.001,riffle,builtin-1d-gis-boundary,synthetic-boundary-width,2025-10-03
2,gis-hydro-002,2352.981,567789.751,4826062.573,1568.654,28.17,44189.728,16.70693948928,17.419853037667664,0.744383680757244,0.7402005076559552,22.570829547506033,30.32149969293424,0.741525976588662,0.035,0.001,run,builtin-1d-gis-boundary,synthetic-boundary-width,2025-10-03
2,gis-hydro-003,3921.635,566847.443,4827054.552,1568.654,30.812,48333.285,16.70693948928,15.915121110626687,0.7810479008633006,0.7637433460966725,21.875070433890606,28.00733528598164,0.7771829406624773,0.035,0.001,riffle,builtin-1d-gis-boundary,synthetic-boundary-width,2025-10-03
2,gis-hydro-004,5490.289,565521.108,4827797.83,1568.654,13.387,21000.353,16.70693948928,14.401887808715907,0.8125765161305046,0.7835584405303041,21.32188057086453,26.23984344563572,0.8076228170366562,0.035,0.001,margin,builtin-1d-gis-boundary,synthetic-boundary-width,2025-10-03
2,gis-hydro-005,7058.942,564665.004,4828378.085,1568.654,19.67,30855.472,16.70693948928,12.735112964135487,0.7565933953856228,0.7481002066924559,22.332488802730975,29.51716065582159,0.7534281743736524,0.035,0.001,run,builtin-1d-gis-boundary,synthetic-boundary-width,2025-10-03
2,gis-hydro-006,8627.596,562885.639,4829334.006,1568.654,39.689,62257.871,16.70693948928,10.986077366567114,0.6514576006795353,0.6781193199052992,24.637167824112666,37.81852847892732,0.6502213543182951,0.035,0.001,run,builtin-1d-gis-boundary,synthetic-boundary-width,2025-10-03
2,gis-hydro-007,10196.25,562073.784,4829983.077,1568.654,36.082,56599.409,16.70693948928,9.377778374914657,0.6278864658287358,0.6618101411986685,25.24430867592999,40.205212327057396,0.6269055953776014,0.035,0.001,run,builtin-1d-gis-boundary,synthetic-boundary-width,2025-10-03
2,gis-hydro-008,11764.904,561256.111,4831564.054,1568.654,25.165,39474.771,16.70693948928,8.084541913160024,0.7882876857064204,0.7683286171063871,21.744523264277507,27.58450202706294,0.7841923507431424,0.035,0.001,riffle,builtin-1d-gis-boundary,synthetic-boundary-width,2025-10-03
2,gis-hydro-009,13333.558,560321.495,4832541.506,1568.654,22.125,34706.308,16.70693948928,6.561290633733674,0.8140910288047111,0.7845001006077809,21.296287248830847,26.159589646994533,0.809079193556134,0.035,0.001,riffle,builtin-1d-gis-boundary,synthetic-boundary-width,2025-10-03
2,gis-hydro-010,14902.212,559196.347,4833383.376,1568.654,14.231,22323.125,16.70693948928,5.322491248922616,0.9977257189314027,0.8914227955397179,18.74188047789901,18.784601942477924,0.9800036390785405,0.035,0.001,margin,builtin-1d-gis-boundary,synthetic-boundary-width,2025-10-03
2,gis-hydro-011,16470.866,558448.169,4834344.865,1568.654,32.261,50607.04,16.70693948928,3.298507006162515,0.7423886465793788,0.7389040652042588,22.61043114529573,30.456326682089347,0.739578724203163,0.035,0.001,run,builtin-1d-gis-boundary,synthetic-boundary-width,2025-10-03
2,gis-hydro-012,18039.52,556672.69,4835019.392,1568.654,33.332,52286.337,16.70693948928,1.8336702597234775,0.8018007809877064,0.7768318112727846,21.506507904081385,26.822757490443422,0.797244724391972,0.035,0.001,riffle,builtin-1d-gis-boundary,synthetic-boundary-width,2025-10-03
3,gis-hydro-001,784.327,568756.518,4825004.542,1568.654,24.207,37973.086,13.761987443712,18.962984896898952,0.7296477918598341,0.7297997767163807,18.857209720770122,25.844263398240514,0.7259523641031966,0.035,0.001,run,builtin-1d-gis-boundary,synthetic-boundary-width,2025-10-04
3,gis-hydro-002,2352.981,567789.751,4826062.573,1568.654,28.17,44189.728,13.761987443712,17.319850317846083,0.6862962666931345,0.7012511537033836,19.624905244053355,28.59538394200284,0.6837781995836624,0.035,0.001,run,builtin-1d-gis-boundary,synthetic-boundary-width,2025-10-04
3,gis-hydro-003,3921.635,566847.443,4827054.552,1568.654,30.812,48333.285,13.761987443712,15.809870562701759,0.7204919243369734,0.7238392951987216,19.012490113477202,26.388207100271508,0.7170773453665884,0.035,0.001,run,builtin-1d-gis-boundary,synthetic-boundary-width,2025-10-04
3,gis-hydro-004,5490.289,565521.108,4827797.83,1568.654,13.387,21000.353,13.761987443712,14.292121855936198,0.749898268870747,0.7428511999658381,18.525900536130088,24.704551677426565,0.7455126039563568,0.035,0.001,margin,builtin-1d-gis-boundary,synthetic-boundary-width,2025-10-04
3,gis-hydro-005,7058.942,564665.004,4828378.085,1568.654,19.67,30855.472,13.761987443712,12.633363033633232,0.6976837513909189,0.708830476652727,19.41506170657265,27.82788285934182,0.6948922075037905,0.035,0.001,run,builtin-1d-gis-boundary,synthetic-boundary-width,2025-10-04
3,gis-hydro-006,8627.596,562885.639,4829334.006,1568.654,39.689,62257.871,13.761987443712,10.899343162980063,0.5996338807807255,0.6417025809239801,21.44605281764065,35.7652452688594,0.598552950605049,0.035,0.001,run,builtin-1d-gis-boundary,synthetic-boundary-width,2025-10-04
3,gis-hydro-007,10196.25,562073.784,4829983.077,1568.654,36.082,56599.409,13.761987443712,9.294402551063154,0.5776573598087026,0.6260608837905963,21.98186757873709,38.05347098151164,0.5768016440473559,0.035,0.001,run,builtin-1d-gis-boundary,synthetic-boundary-width,2025-10-04
3,gis-hydro-008,11764.904,561256.111,4831564.054,1568.654,25.165,39474.771,13.761987443712,7.978254672310462,0.7272443526014711,0.728238715473937,18.89763226163513,25.98525817909102,0.7236244515621926,0.035,0.001,run,builtin-1d-gis-boundary,synthetic-boundary-width,2025-10-04
3,gis-hydro-009,13333.558,560321.495,4832541.506,1568.654,22.125,34706.308,13.761987443712,6.451307645999724,0.7513107871773439,0.7437547781329823,18.503393656519645,24.628148526971692,0.7468732196194896,0.035,0.001,run,builtin-1d-gis-boundary,synthetic-boundary-width,2025-10-04
3,gis-hydro-010,14902.212,559196.347,4833383.376,1568.654,14.231,22323.125,13.761987443712,5.186137995282912,0.9225380435232654,0.8463911996206317,16.25960601891936,17.62486233827528,0.9066900825664042,0.035,0.001,margin,builtin-1d-gis-boundary,synthetic-boundary-width,2025-10-04
3,gis-hydro-011,16470.866,558448.169,4834344.865,1568.654,32.261,50607.04,13.761987443712,3.1987897430471297,0.6844356084225958,0.7000072847086007,19.659777468517124,28.724071668080796,0.6819600135288044,0.035,0.001,run,builtin-1d-gis-boundary,synthetic-boundary-width,2025-10-04
3,gis-hydro-012,18039.52,556672.69,4835019.392,1568.654,33.332,52286.337,13.761987443712,1.7254483549541288,0.7398481936704028,0.7363966424035018,18.68828108557731,25.259615750177538,0.7358174085369475,0.035,0.001,run,builtin-1d-gis-boundary,synthetic-boundary-width,2025-10-04
4,gis-hydro-001,784.327,568756.518,4825004.542,1568.654,24.207,37973.086,13.507135824384001,18.953175262523146,0.7239683296140837,0.7260181472567933,18.60440524168677,25.697816438467655,0.7203173635756931,0.035,0.001,run,builtin-1d-gis-boundary,synthetic-boundary-width,2025-10-05
4,gis-hydro-002,2352.981,567789.751,4826062.573,1568.654,28.17,44189.728,13.507135824384001,17.310652928894417,0.6809045927787276,0.69758778259098,19.36263243346351,28.43663068043918,0.678417658776723,0.035,0.001,run,builtin-1d-gis-boundary,synthetic-boundary-width,2025-10-05
4,gis-hydro-003,3921.635,566847.443,4827054.552,1568.654,30.812,48333.285,13.507135824384001,15.80019133116775,0.7148738282809471,0.7200812857475726,18.757793171032336,26.2393060550826,0.7115005579410576,0.035,0.001,run,builtin-1d-gis-boundary,synthetic-boundary-width,2025-10-05
4,gis-hydro-004,5490.289,565521.108,4827797.83,1568.654,13.387,21000.353,13.507135824384001,14.282023703688333,0.7440831026698931,0.7390178848737549,18.277143355862627,24.563309246347913,0.7397495826038409,0.035,0.001,margin,builtin-1d-gis-boundary,synthetic-boundary-width,2025-10-05
4,gis-hydro-005,7058.942,564665.004,4828378.085,1568.654,19.67,30855.472,13.507135824384001,12.6240085480287,0.6922185937573497,0.7051319547979934,19.155472578538202,27.672577349537306,0.6894612980799334,0.035,0.001,run,builtin-1d-gis-boundary,synthetic-boundary-width,2025-10-05
4,gis-hydro-006,8627.596,562885.639,4829334.006,1568.654,39.689,62257.871,13.507135824384001,10.891380411413662,0.594827212387374,0.6382727137400833,21.162013561940174,35.57674081016769,0.5937604629615727,0.035,0.001,run,builtin-1d-gis-boundary,synthetic-boundary-width,2025-10-05
4,gis-hydro-007,10196.25,562073.784,4829983.077,1568.654,36.082,56599.409,13.507135824384001,9.286750920305101,0.5729990523745647,0.6226939464591469,21.691451958366137,37.85599970623794,0.5721547514948417,0.035,0.001,run,builtin-1d-gis-boundary,synthetic-boundary-width,2025-10-05
4,gis-hydro-008,11764.904,561256.111,4831564.054,1568.654,25.165,39474.771,13.507135824384001,7.968479271565488,0.7215809981599246,0.7244632714643894,18.64433485645371,25.83817326675439,0.7180047125477632,0.035,0.001,run,builtin-1d-gis-boundary,synthetic-boundary-width,2025-10-05
4,gis-hydro-009,13333.558,560321.495,4832541.506,1568.654,22.125,34706.308,13.507135824384001,6.44118936345681,0.745486155595897,0.7399178870957656,18.254911875965785,24.487258065005783,0.741101307166026,0.035,0.001,run,builtin-1d-gis-boundary,synthetic-boundary-width,2025-10-05
4,gis-hydro-010,14902.212,559196.347,4833383.376,1568.654,14.231,22323.125,13.507135824384001,5.173573092662516,0.9155628139499651,0.8421525719757562,16.038822742885174,17.517992756487907,0.8998875304401592,0.035,0.001,margin,builtin-1d-gis-boundary,synthetic-boundary-width,2025-10-05
4,gis-hydro-011,16470.866,558448.169,4834344.865,1568.654,32.261,50607.04,13.507135824384001,3.1896188382781863,0.6790564241538639,0.6963488444856463,19.397082268960986,28.564757771242142,0.67661147369667,0.035,0.001,run,builtin-1d-gis-boundary,synthetic-boundary-width,2025-10-05
4,gis-hydro-012,18039.52,556672.69,4835019.392,1568.654,33.332,52286.337,13.507135824384001,1.715493408752312,0.7341003737607249,0.7325888811052103,18.4375386697197,25.11582792863322,0.7301177943258105,0.035,0.001,run,builtin-1d-gis-boundary,synthetic-boundary-width,2025-10-05
5,gis-hydro-001,784.327,568756.518,4825004.542,1568.654,24.207,37973.086,13.110699972096,18.93770816460621,0.7149952802397671,0.7200231393107307,18.20872032619217,25.46690982363694,0.71141437205376,0.035,0.001,run,builtin-1d-gis-boundary,synthetic-boundary-width,2025-10-06
5,gis-hydro-002,2352.981,567789.751,4826062.573,1568.654,28.17,44189.728,13.110699972096,17.296161034045646,0.6723910592402603,0.6917719403365727,18.95234427363035,28.186490604209915,0.6699531381663153,0.035,0.001,run,builtin-1d-gis-boundary,synthetic-boundary-width,2025-10-06
5,gis-hydro-003,3921.635,566847.443,4827054.552,1568.654,30.812,48333.285,13.110699972096,15.784930255455011,0.7059977648260714,0.7141236855450844,18.359144553633893,26.004536371523535,0.7026895797221097,0.035,0.001,run,builtin-1d-gis-boundary,synthetic-boundary-width,2025-10-06
5,gis-hydro-004,5490.289,565521.108,4827797.83,1568.654,13.387,21000.353,13.110699972096,14.266100783104722,0.7348955973505047,0.7329410143514329,17.88779685592767,24.340596025364647,0.730644252831415,0.035,0.001,margin,builtin-1d-gis-boundary,synthetic-boundary-width,2025-10-06
5,gis-hydro-005,7058.942,564665.004,4828378.085,1568.654,19.67,30855.472,13.110699972096,12.609260545151955,0.6835842662437989,0.6992685526877738,18.74916285267297,27.427727316921775,0.6808809220145313,0.035,0.001,run,builtin-1d-gis-boundary,synthetic-boundary-width,2025-10-06
5,gis-hydro-006,8627.596,562885.639,4829334.006,1568.654,39.689,62257.871,13.110699972096,10.87883058450224,0.5872336793381712,0.6328353260824254,20.71739587177907,35.27964522594848,0.586189248937212,0.035,0.001,run,builtin-1d-gis-boundary,synthetic-boundary-width,2025-10-06
5,gis-hydro-007,10196.25,562073.784,4829983.077,1568.654,36.082,56599.409,13.110699972096,9.274692443866185,0.5656400854625885,0.6173563662909477,21.23684258877018,37.544797716028896,0.564813745981861,0.035,0.001,run,builtin-1d-gis-boundary,synthetic-boundary-width,2025-10-06
5,gis-hydro-008,11764.904,561256.111,4831564.054,1568.654,25.165,39474.771,13.110699972096,7.953066258885141,0.7126334057961389,0.7184780598372986,18.247877986789124,25.60626240416415,0.7091258433592045,0.035,0.001,run,builtin-1d-gis-boundary,synthetic-boundary-width,2025-10-06
5,gis-hydro-009,13333.558,560321.495,4832541.506,1568.654,22.125,34706.308,13.110699972096,6.425234639597418,0.7362836926957547,0.7338353525819343,17.865996678910562,24.265098977675045,0.7319819256039124,0.035,0.001,run,builtin-1d-gis-boundary,synthetic-boundary-width,2025-10-06
5,gis-hydro-010,14902.212,559196.347,4833383.376,1568.654,14.231,22323.125,13.110699972096,5.153753084431829,0.9045426644955394,0.835433667945729,15.693286582924367,17.349415565352533,0.8891397430729037,0.035,0.001,margin,builtin-1d-gis-boundary,synthetic-boundary-width,2025-10-06
5,gis-hydro-011,16470.866,558448.169,4834344.865,1568.654,32.261,50607.04,13.110699972096,3.1751687883710407,0.6705626382372822,0.6905407998644796,18.98613372977963,28.313736326987673,0.6681659305555918,0.035,0.001,run,builtin-1d-gis-boundary,synthetic-boundary-width,2025-10-06
5,gis-hydro-012,18039.52,556672.69,4835019.392,1568.654,33.332,52286.337,13.110699972096,1.6997967355953283,0.7250192945846204,0.7265524849467823,18.04508310649618,24.889107422768113,0.7211126777871999,0.035,0.001,run,builtin-1d-gis-boundary,synthetic-boundary-width,2025-10-06
6,gis-hydro-001,784.327,568756.518,4825004.542,1568.654,24.207,37973.086,9.457826761728,18.780954248431676,0.6226598494720944,0.6567890888606849,14.400097264304815,23.1267477363661,0.619784770768953,0.035,0.001,run,builtin-1d-gis-boundary,synthetic-boundary-width,2025-10-07
6,gis-hydro-002,2352.981,567789.751,4826062.573,1568.654,28.17,44189.728,9.457826761728,17.14942459662857,0.5847956850291768,0.6304299926801729,15.002184019703051,25.65371873247416,0.5828503302588168,0.035,0.001,run,builtin-1d-gis-boundary,synthetic-boundary-width,2025-10-07
6,gis-hydro-003,3921.635,566847.443,4827054.552,1568.654,30.812,48333.285,9.457826761728,15.630292940007303,0.6146622664222035,0.6512845582621568,14.521804089697167,23.62566385313513,0.6120094837585232,0.035,0.001,run,builtin-1d-gis-boundary,synthetic-boundary-width,2025-10-07
6,gis-hydro-004,5490.289,565521.108,4827797.83,1568.654,13.387,21000.353,9.457826761728,14.104662216131027,0.6403492995960086,0.6688442008279858,14.140552837297271,22.08256157415716,0.6369267508948424,0.035,0.001,margin,builtin-1d-gis-boundary,synthetic-boundary-width,2025-10-07
6,gis-hydro-005,7058.942,564665.004,4828378.085,1568.654,19.67,30855.472,9.457826761728,12.459891459032411,0.5947409160109224,0.637426570663004,14.837515718697869,24.947864388105053,0.5925801529056601,0.035,0.001,run,builtin-1d-gis-boundary,synthetic-boundary-width,2025-10-07
6,gis-hydro-006,8627.596,562885.639,4829334.006,1568.654,39.689,62257.871,9.457826761728,10.75204366303952,0.5091572682964887,0.5754801271344665,16.43467135663242,32.278182754060786,0.5083357209836264,0.035,0.001,run,builtin-1d-gis-boundary,synthetic-boundary-width,2025-10-07
6,gis-hydro-007,10196.25,562073.784,4829983.077,1568.654,36.082,56599.409,9.457826761728,9.152943829612568,0.4899925199018602,0.5610594124639984,16.857085990576593,34.402741482569716,0.4893452098392868,0.035,0.001,run,builtin-1d-gis-boundary,synthetic-boundary-width,2025-10-07
6,gis-hydro-008,11764.904,561256.111,4831564.054,1568.654,25.165,39474.771,9.457826761728,7.796868048504408,0.6205604367162182,0.6553473843807028,14.431776165041933,23.256036497282494,0.6177451667918961,0.035,0.001,run,builtin-1d-gis-boundary,synthetic-boundary-width,2025-10-07
6,gis-hydro-009,13333.558,560321.495,4832541.506,1568.654,22.125,34706.308,9.457826761728,6.2634691479343685,0.6415832109501877,0.6696789068970902,14.122927666260495,22.012620382232843,0.638119435492486,0.035,0.001,run,builtin-1d-gis-boundary,synthetic-boundary-width,2025-10-07
6,gis-hydro-010,14902.212,559196.347,4833383.376,1568.654,14.231,22323.125,9.457826761728,4.952224535221862,0.7911313241607258,0.7646023348312531,12.369602250580797,15.63533369596145,0.7784944393068431,0.035,0.001,margin,builtin-1d-gis-boundary,synthetic-boundary-width,2025-10-07
6,gis-hydro-011,16470.866,558448.169,4834344.865,1568.654,32.261,50607.04,9.457826761728,3.0288615119534175,0.5831707527198956,0.6292818699640168,15.029555455441315,25.772135151400853,0.5812588173537352,0.035,0.001,run,builtin-1d-gis-boundary,synthetic-boundary-width,2025-10-07
6,gis-hydro-012,18039.52,556672.69,4835019.392,1568.654,33.332,52286.337,9.457826761728,1.5406836491814209,0.6315701159151401,0.6628820141525061,14.267737787123128,22.59090072121175,0.6284292349454682,0.035,0.001,run,builtin-1d-gis-boundary,synthetic-boundary-width,2025-10-07
7,gis-hydro-001,784.327,568756.518,4825004.542,1568.654,24.207,37973.086,5.8899040911360006,18.591392948370558,0.5066996024927714,0.5727036093632314,10.284384443961814,20.29680779966377,0.5046607792418396,0.035,0.001,run,builtin-1d-gis-boundary,synthetic-boundary-width,2025-10-08
7,gis-hydro-002,2352.981,567789.751,4826062.573,1568.654,28.17,44189.728,5.8899040911360006,16.972378156184654,0.47486118499307045,0.5488780508281801,10.730806382672728,22.59777535371589,0.4734955123119911,0.035,0.001,run,builtin-1d-gis-boundary,synthetic-boundary-width,2025-10-08
7,gis-hydro-003,3921.635,566847.443,4827054.552,1568.654,30.812,48333.285,5.8899040911360006,15.44337795007418,0.49997204144706653,0.5677266207455951,10.374542739251496,20.7502457721926,0.49809472152591033,0.035,0.001,run,builtin-1d-gis-boundary,synthetic-boundary-width,2025-10-08
7,gis-hydro-004,5490.289,565521.108,4827797.83,1568.654,13.387,21000.353,5.8899040911360006,13.909235768456181,0.5215801667542377,0.5836137101654235,10.092127701157887,19.34914006404921,0.5191424035185991,0.035,0.001,margin,builtin-1d-gis-boundary,synthetic-boundary-width,2025-10-08
7,gis-hydro-005,7058.942,564665.004,4828378.085,1568.654,19.67,30855.472,5.8899040911360006,12.279561764276908,0.483220573889723,0.5551999641106766,10.608617564611144,21.953985690667558,0.4816995196008835,0.035,0.001,run,builtin-1d-gis-boundary,synthetic-boundary-width,2025-10-08
7,gis-hydro-006,8627.596,562885.639,4829334.006,1568.654,39.689,62257.871,5.8899040911360006,10.599850948917688,0.4113764194082927,0.4992995039697333,11.796334753605196,28.675281802910746,0.41081294119157646,0.035,0.001,run,builtin-1d-gis-boundary,synthetic-boundary-width,2025-10-08
7,gis-hydro-007,10196.25,562073.784,4829983.077,1568.654,36.082,56599.409,5.8899040911360006,9.007012648210601,0.3953264291995668,0.48630863188572127,12.111452902444228,30.63658791284653,0.3948854066473481,0.035,0.001,run,builtin-1d-gis-boundary,synthetic-boundary-width,2025-10-08
7,gis-hydro-008,11764.904,561256.111,4831564.054,1568.654,25.165,39474.771,5.8899040911360006,7.608001614963093,0.5049334818094072,0.5713999412774854,10.307848611198445,20.4142703594555,0.50293814112229,0.035,0.001,run,builtin-1d-gis-boundary,synthetic-boundary-width,2025-10-08
7,gis-hydro-009,13333.558,560321.495,4832541.506,1568.654,22.125,34706.308,5.8899040911360006,6.067633590925301,0.5226185222138605,0.5843689787098406,10.079084115894766,19.2857384258002,0.5201506517026949,0.035,0.001,run,builtin-1d-gis-boundary,synthetic-boundary-width,2025-10-08
7,gis-hydro-010,14902.212,559196.347,4833383.376,1568.654,14.231,22323.125,5.8899040911360006,4.706527826554534,0.6485342176626341,0.6704673009442974,8.784774563711848,13.545583755584762,0.6392466376468435,0.035,0.001,margin,builtin-1d-gis-boundary,synthetic-boundary-width,2025-10-08
7,gis-hydro-011,16470.866,558448.169,4834344.865,1568.654,32.261,50607.04,5.8899040911360006,2.8523512169500527,0.4734955824608841,0.5478408202314212,10.751123088359794,22.705857217259158,0.4721539799994295,0.035,0.001,run,builtin-1d-gis-boundary,synthetic-boundary-width,2025-10-08
7,gis-hydro-012,18039.52,556672.69,4835019.392,1568.654,33.332,52286.337,5.8899040911360006,1.3481717196430079,0.5141960451237125,0.5782141929394352,10.186370661698607,19.810285898344137,0.5119637241975388,0.035,0.001,run,builtin-1d-gis-boundary,synthetic-boundary-width,2025-10-08
8,gis-hydro-001,784.327,568756.518,4825004.542,1568.654,24.207,37973.086,7.334063267328,18.673999145427175,0.5579167403313291,0.6105632933278906,12.011962310006393,21.530026689776093,0.5555167391914657,0.035,0.001,run,builtin-1d-gis-boundary,synthetic-boundary-width,2025-10-09
8,gis-hydro-002,2352.981,567789.751,4826062.573,1568.654,28.17,44189.728,7.334063267328,17.049468324226027,0.5234014578484111,0.5855931378725905,12.524161901848819,23.928404695953482,0.521786059573658,0.035,0.001,run,builtin-1d-gis-boundary,synthetic-boundary-width,2025-10-09
8,gis-hydro-003,3921.635,566847.443,4827054.552,1568.654,30.812,48333.285,7.334063267328,15.524817910457978,0.5506254635384819,0.605347616456382,12.11545741314809,22.00308234074498,0.5484133923431815,0.035,0.001,run,builtin-1d-gis-boundary,synthetic-boundary-width,2025-10-09
8,gis-hydro-004,5490.289,565521.108,4827797.83,1568.654,13.387,21000.353,7.334063267328,13.994430264350862,0.5740455548301681,0.6219879296467229,11.791327319637226,20.540751897513957,0.5711819888189622,0.035,0.001,margin,builtin-1d-gis-boundary,synthetic-boundary-width,2025-10-09
8,gis-hydro-005,7058.942,564665.004,4828378.085,1568.654,19.67,30855.472,7.334063267328,12.35809906295571,0.5324658004639063,0.5922196025628713,12.384026525953098,23.25788156753658,0.5306689667276876,0.035,0.001,run,builtin-1d-gis-boundary,synthetic-boundary-width,2025-10-09
8,gis-hydro-006,8627.596,562885.639,4829334.006,1568.654,39.689,62257.871,7.334063267328,10.666001788510146,0.4545118748998623,0.5335794753277243,13.745025073956267,30.24128924460898,0.4538378968591753,0.035,0.001,run,builtin-1d-gis-boundary,synthetic-boundary-width,2025-10-09
8,gis-hydro-007,10196.25,562073.784,4829983.077,1568.654,36.082,56599.409,7.334063267328,9.070411136438004,0.4370754750835962,0.5199386630537665,14.10563166095919,32.27275943190661,0.436546282679694,0.035,0.001,run,builtin-1d-gis-boundary,synthetic-boundary-width,2025-10-09
8,gis-hydro-008,11764.904,561256.111,4831564.054,1568.654,25.165,39474.771,7.334063267328,7.690301561588512,0.556002689819676,0.6091971839753931,12.038898833163746,21.652590992083557,0.5536532693859886,0.035,0.001,run,builtin-1d-gis-boundary,synthetic-boundary-width,2025-10-09
8,gis-hydro-009,13333.558,560321.495,4832541.506,1568.654,22.125,34706.308,7.334063267328,6.153008466100054,0.575170679167514,0.6227790883136556,11.776347993936307,20.474527684514563,0.5722721664371531,0.035,0.001,run,builtin-1d-gis-boundary,synthetic-boundary-width,2025-10-09
8,gis-hydro-010,14902.212,559196.347,4833383.376,1568.654,14.231,22323.125,7.334063267328,4.8139088959244365,0.7115581517246974,0.7128512299838754,10.288350442341098,14.458903207564788,0.7008118731204951,0.035,0.001,margin,builtin-1d-gis-boundary,synthetic-boundary-width,2025-10-09
8,gis-hydro-011,16470.866,558448.169,4834344.865,1568.654,32.261,50607.04,7.334063267328,2.929205083665587,0.5219205500843883,0.5845058548152458,12.547459032119013,24.040936939712836,0.5203332785309809,0.035,0.001,run,builtin-1d-gis-boundary,synthetic-boundary-width,2025-10-09
8,gis-hydro-012,18039.52,556672.69,4835019.392,1568.654,33.332,52286.337,7.334063267328,1.4320785111450283,0.566040648747825,0.6163371994394157,11.899433092791796,21.022223614355788,0.5634157047381839,0.035,0.001,run,builtin-1d-gis-boundary,synthetic-boundary-width,2025-10-09
9,gis-hydro-001,784.327,568756.518,4825004.542,1568.654,24.207,37973.086,9.571094148096,18.786272666678848,0.6258387855281203,0.6590162095745898,14.523306117575412,23.20614582127532,0.6229399164522426,0.035,0.001,run,builtin-1d-gis-boundary,synthetic-boundary-width,2025-10-10
9,gis-hydro-002,2352.981,567789.751,4826062.573,1568.654,28.17,44189.728,9.571094148096,17.154398730202285,0.5878108773609484,0.6325903845969377,15.130002575354244,25.73957570040608,0.5858489620539364,0.035,0.001,run,builtin-1d-gis-boundary,synthetic-boundary-width,2025-10-10
9,gis-hydro-003,3921.635,566847.443,4827054.552,1568.654,30.812,48333.285,9.571094148096,15.635538570435257,0.6178066578282576,0.6534977894847291,14.645947242824844,23.706360326884386,0.6151317956977104,0.035,0.001,run,builtin-1d-gis-boundary,synthetic-boundary-width,2025-10-10
9,gis-hydro-004,5490.289,565521.108,4827797.83,1568.654,13.387,21000.353,9.571094148096,14.110141753366129,0.6436045841075649,0.6711016569924179,14.261765037191877,22.159203631166683,0.6401540703508916,0.035,0.001,margin,builtin-1d-gis-boundary,synthetic-boundary-width,2025-10-10
9,gis-hydro-005,7058.942,564665.004,4828378.085,1568.654,19.67,30855.472,9.571094148096,12.464955938898493,0.5977991683649866,0.639604728699966,14.964076590787263,25.031946149598753,0.5956201509390208,0.035,0.001,run,builtin-1d-gis-boundary,synthetic-boundary-width,2025-10-10
9,gis-hydro-006,8627.596,562885.639,4829334.006,1568.654,39.689,62257.871,9.571094148096,10.756332982486615,0.5118431536028148,0.5774993948420925,16.573340567245193,32.37972502042284,0.5110141586370909,0.035,0.001,run,builtin-1d-gis-boundary,synthetic-boundary-width,2025-10-10
9,gis-hydro-007,10196.25,562073.784,4829983.077,1568.654,36.082,56599.409,9.571094148096,9.157059984203306,0.49259399980212804,0.5630415853834007,16.99891161960729,34.50897011826301,0.49194071907319914,0.035,0.001,run,builtin-1d-gis-boundary,synthetic-boundary-width,2025-10-10
9,gis-hydro-008,11764.904,561256.111,4831564.054,1568.654,25.165,39474.771,9.571094148096,7.802167356097331,0.623730306385227,0.6575708695571767,14.555228327771568,23.335772173914535,0.6208917054416684,0.035,0.001,run,builtin-1d-gis-boundary,synthetic-boundary-width,2025-10-10
9,gis-hydro-009,13333.558,560321.495,4832541.506,1568.654,22.125,34706.308,9.571094148096,6.26895993006623,0.6448438184851495,0.671938459265073,14.24400406930763,22.089075929686786,0.6413517656393503,0.035,0.001,run,builtin-1d-gis-boundary,synthetic-boundary-width,2025-10-10
9,gis-hydro-010,14902.212,559196.347,4833383.376,1568.654,14.231,22323.125,9.571094148096,4.959082740110874,0.7950362262469408,0.7670969898230111,12.477032598321493,15.693665504049733,0.7823053729253048,0.035,0.001,margin,builtin-1d-gis-boundary,synthetic-boundary-width,2025-10-10
9,gis-hydro-011,16470.866,558448.169,4834344.865,1568.654,32.261,50607.04,9.571094148096,3.0338208898761576,0.5861789054639427,0.6314393426552123,15.157582845328262,25.8582878094726,0.5842506735208998,0.035,0.001,run,builtin-1d-gis-boundary,synthetic-boundary-width,2025-10-10
9,gis-hydro-012,18039.52,556672.69,4835019.392,1568.654,33.332,52286.337,9.571094148096,1.5460832029826528,0.6347875183107135,0.6651244813793522,14.389929127623176,22.668891105353534,0.6316208135997516,0.035,0.001,run,builtin-1d-gis-boundary,synthetic-boundary-width,2025-10-10
10,gis-hydro-001,784.327,568756.518,4825004.542,1568.654,24.207,37973.086,8.466737131008001,18.73285923966963,0.5937451554078874,0.6363536054419985,13.305082360816003,22.408742605530414,0.5910845562765566,0.035,0.001,run,builtin-1d-gis-boundary,synthetic-boundary-width,2025-10-11
10,gis-hydro-002,2352.981,567789.751,4826062.573,1568.654,28.17,44189.728,8.466737131008001,17.104458668914482,0.5573730662257176,0.6106073646940083,13.866090749250805,24.877575881349635,0.5555768576030204,0.035,0.001,run,builtin-1d-gis-boundary,synthetic-boundary-width,2025-10-11
10,gis-hydro-003,3921.635,566847.443,4827054.552,1568.654,30.812,48333.285,8.466737131008001,15.582859548854017,0.5860623081325538,0.6309765934808926,13.418464676002902,22.895969404276983,0.5836085393606034,0.035,0.001,run,builtin-1d-gis-boundary,synthetic-boundary-width,2025-10-11
10,gis-hydro-004,5490.289,565521.108,4827797.83,1568.654,13.387,21000.353,8.466737131008001,14.055102566408875,0.6107390813248669,0.6481302836124012,13.063325916230957,21.389372836421217,0.6075687593067209,0.035,0.001,margin,builtin-1d-gis-boundary,synthetic-boundary-width,2025-10-11
10,gis-hydro-005,7058.942,564665.004,4828378.085,1568.654,19.67,30855.472,8.466737131008001,12.414104498354204,0.5669258726758606,0.6174407160865282,13.71263169146343,24.18769781442594,0.5649295566363642,0.035,0.001,run,builtin-1d-gis-boundary,synthetic-boundary-width,2025-10-11
10,gis-hydro-006,8627.596,562885.639,4829334.006,1568.654,39.689,62257.871,8.466737131008001,10.713300274179996,0.4847381382265806,0.5569535658435923,15.20187256218356,31.360999606508713,0.4839834958196069,0.035,0.001,run,builtin-1d-gis-boundary,synthetic-boundary-width,2025-10-11
10,gis-hydro-007,10196.25,562073.784,4829983.077,1568.654,36.082,56599.409,8.466737131008001,9.115771953327796,0.46634290652161,0.5428752283788726,15.5961014399041,33.44341947052086,0.46574919441686063,0.035,0.001,run,builtin-1d-gis-boundary,synthetic-boundary-width,2025-10-11
10,gis-hydro-008,11764.904,561256.111,4831564.054,1568.654,25.165,39474.771,8.466737131008001,7.748946752873817,0.5917283440402334,0.6349452764786113,13.334593459714021,22.534991933405443,0.5891234011185019,0.035,0.001,run,builtin-1d-gis-boundary,synthetic-boundary-width,2025-10-11
10,gis-hydro-009,13333.558,560321.495,4832541.506,1568.654,22.125,34706.308,8.466737131008001,6.213807271445513,0.6119245050327008,0.6489457532588834,13.046910452051874,21.321111255962297,0.6087157808675123,0.035,0.001,run,builtin-1d-gis-boundary,synthetic-boundary-width,2025-10-11
10,gis-hydro-010,14902.212,559196.347,4833383.376,1568.654,14.231,22323.125,8.466737131008001,4.89011821304897,0.7556021337934385,0.7417233664303483,11.414952682096839,15.107094291527481,0.7438153634815936,0.035,0.001,margin,builtin-1d-gis-boundary,synthetic-boundary-width,2025-10-11
10,gis-hydro-011,16470.866,558448.169,4834344.865,1568.654,32.261,50607.04,8.466737131008001,2.984029670984027,0.5558122919774973,0.6094860668887495,13.891600794466477,24.99333137279536,0.5540471185962625,0.035,0.001,run,builtin-1d-gis-boundary,synthetic-boundary-width,2025-10-11
10,gis-hydro-012,18039.52,556672.69,4835019.392,1568.654,33.332,52286.337,8.466737131008001,1.4918511033038324,0.6023049839379759,0.6423056605255454,13.181788128848767,21.885570401001694,0.5993969663812838,0.035,0.001,run,builtin-1d-gis-boundary,synthetic-boundary-width,2025-10-11
11,gis-hydro-001,784.327,568756.518,4825004.542,1568.654,24.207,37973.086,8.381786591232,18.728597870659176,0.5911681377157683,0.6345163100746293,13.209725988361384,22.345125093180474,0.5885264802012566,0.035,0.001,run,builtin-1d-gis-boundary,synthetic-boundary-width,2025-10-12
11,gis-hydro-002,2352.981,567789.751,4826062.573,1568.654,28.17,44189.728,8.381786591232,17.100475942566174,0.5549292874790426,0.608825238081271,13.767147067765169,24.80883128426538,0.5531462367074288,0.035,0.001,run,builtin-1d-gis-boundary,synthetic-boundary-width,2025-10-12
11,gis-hydro-003,3921.635,566847.443,4827054.552,1568.654,30.812,48333.285,8.381786591232,15.578657103704863,0.5835133918900701,0.6291507727404123,13.32238146147891,22.83132083451609,0.5810771951633427,0.035,0.001,run,builtin-1d-gis-boundary,synthetic-boundary-width,2025-10-12
11,gis-hydro-004,5490.289,565521.108,4827797.83,1568.654,13.387,21000.353,8.381786591232,14.050710744344393,0.6080999705931461,0.6462679408012887,12.969522487591862,21.327944605787884,0.6049519338411704,0.035,0.001,margin,builtin-1d-gis-boundary,synthetic-boundary-width,2025-10-12
11,gis-hydro-005,7058.942,564665.004,4828378.085,1568.654,19.67,30855.472,8.381786591232,12.410048668479096,0.5644470470634192,0.6156438903015131,13.6146670555392,24.12036191237175,0.5624652429425078,0.035,0.001,run,builtin-1d-gis-boundary,synthetic-boundary-width,2025-10-12
11,gis-hydro-006,8627.596,562885.639,4829334.006,1568.654,39.689,62257.871,8.381786591232,10.709871602209455,0.4825628628858943,0.5552880087343184,15.094485130944593,31.27983169006066,0.48181410750888354,0.035,0.001,run,builtin-1d-gis-boundary,synthetic-boundary-width,2025-10-12
11,gis-hydro-007,10196.25,562073.784,4829983.077,1568.654,36.082,56599.409,8.381786591232,9.11248294511032,0.4642363381632175,0.5412407206146534,15.486245347011819,33.35853761100261,0.46364733881658765,0.035,0.001,run,builtin-1d-gis-boundary,synthetic-boundary-width,2025-10-12
11,gis-hydro-008,11764.904,561256.111,4831564.054,1568.654,25.165,39474.771,8.381786591232,7.744700855143083,0.5891587012820337,0.6331109841641034,13.239047814497289,22.471106317684136,0.5865723322205458,0.035,0.001,run,builtin-1d-gis-boundary,synthetic-boundary-width,2025-10-12
11,gis-hydro-009,13333.558,560321.495,4832541.506,1568.654,22.125,34706.308,8.381786591232,6.209406343661151,0.6092810659426463,0.6470816803113016,12.953212625645103,21.259831216984566,0.6060948772964714,0.035,0.001,run,builtin-1d-gis-boundary,synthetic-boundary-width,2025-10-12
11,gis-hydro-010,14902.212,559196.347,4833383.376,1568.654,14.231,22323.125,8.381786591232,4.884608460124905,0.7524350034676267,0.739666512920422,11.331845426039676,15.060231613117963,0.7407235676571735,0.035,0.001,margin,builtin-1d-gis-boundary,synthetic-boundary-width,2025-10-12
11,gis-hydro-011,16470.866,558448.169,4834344.865,1568.654,32.261,50607.04,8.381786591232,2.980058882832706,0.5533742433615635,0.6077063564019912,13.792494521297286,24.924352166288934,0.5516220168737055,0.035,0.001,run,builtin-1d-gis-boundary,synthetic-boundary-width,2025-10-12
11,gis-hydro-012,18039.52,556672.69,4835019.392,1568.654,33.332,52286.337,8.381786591232,1.4875240450479614,0.599696679556467,0.6404556915320417,13.087223210058182,21.823070989383226,0.5968092319068493,0.035,0.001,run,builtin-1d-gis-boundary,synthetic-boundary-width,2025-10-12
12,gis-hydro-001,784.327,568756.518,4825004.542,1568.654,24.207,37973.086,7.758815966208,18.696609029090116,0.5717403077159862,0.6205777071606602,12.502569584246015,21.867567172571476,0.5692404783271797,0.035,0.001,run,builtin-1d-gis-boundary,synthetic-boundary-width,2025-10-13
12,gis-hydro-002,2352.981,567789.751,4826062.573,1568.654,28.17,44189.728,7.758815966208,17.07058630288223,0.5365074557361692,0.5953057110578542,13.033330307583705,24.292915537771997,0.5348228498803862,0.035,0.001,run,builtin-1d-gis-boundary,synthetic-boundary-width,2025-10-13
12,gis-hydro-003,3921.635,566847.443,4827054.552,1568.654,30.812,48333.285,7.758815966208,15.54711221947526,0.5642977189234224,0.6152993056614648,12.609824023557193,22.346048195293875,0.5619930748742729,0.035,0.001,run,builtin-1d-gis-boundary,synthetic-boundary-width,2025-10-13
12,gis-hydro-004,5490.289,565521.108,4827797.83,1568.654,13.387,21000.353,7.758815966208,14.017738942997148,0.5882033957708998,0.6321391769160998,12.273904623439885,20.866769406106023,0.5852222786994257,0.035,0.001,margin,builtin-1d-gis-boundary,synthetic-boundary-width,2025-10-13
12,gis-hydro-005,7058.942,564665.004,4828378.085,1568.654,19.67,30855.472,7.758815966208,12.379608345913724,0.5457605796555377,0.6020126687825019,12.888127390905693,23.614984063231837,0.5438873744533301,0.035,0.001,run,builtin-1d-gis-boundary,synthetic-boundary-width,2025-10-13
12,gis-hydro-006,8627.596,562885.639,4829334.006,1568.654,39.689,62257.871,7.758815966208,10.684154988982511,0.4661695263784641,0.5426541617958662,14.297901891198771,30.67103506802563,0.4654647338275655,0.035,0.001,run,builtin-1d-gis-boundary,synthetic-boundary-width,2025-10-13
12,gis-hydro-007,10196.25,562073.784,4829983.077,1568.654,36.082,56599.409,7.758815966208,9.087817812427298,0.4483622340138682,0.5288430085837472,14.67130290137762,32.72198635026835,0.44780840879141526,0.035,0.001,run,builtin-1d-gis-boundary,synthetic-boundary-width,2025-10-13
12,gis-hydro-008,11764.904,561256.111,4831564.054,1568.654,25.165,39474.771,7.758815966208,7.7128285828047645,0.5697865486822846,0.6191951844984896,12.530484991565572,21.9915423074556,0.5673392484566713,0.035,0.001,run,builtin-1d-gis-boundary,synthetic-boundary-width,2025-10-13
12,gis-hydro-009,13333.558,560321.495,4832541.506,1568.654,22.125,34706.308,7.758815966208,6.1763659276107425,0.5893518180269436,0.6329397832523407,12.258379345882755,20.79976504852715,0.5863344272900302,0.035,0.001,run,builtin-1d-gis-boundary,synthetic-boundary-width,2025-10-13
12,gis-hydro-010,14902.212,559196.347,4833383.376,1568.654,14.231,22323.125,7.758815966208,4.843210604654939,0.7285545601851257,0.7240624497765107,10.715672340973956,14.708126098683817,0.7174086352512193,0.035,0.001,margin,builtin-1d-gis-boundary,synthetic-boundary-width,2025-10-13
12,gis-hydro-011,16470.866,558448.169,4834344.865,1568.654,32.261,50607.04,7.758815966208,2.9502591683822805,0.534995680505827,0.5942051916164343,13.057469163306129,24.40668147256922,0.5333403171576013,0.035,0.001,run,builtin-1d-gis-boundary,synthetic-boundary-width,2025-10-13
12,gis-hydro-012,18039.52,556672.69,4835019.392,1568.654,33.332,52286.337,7.758815966208,1.4550402486733294,0.5800326574480097,0.6264208628568653,12.385947573366277,21.353879672674243,0.577299256135364,0.035,0.001,run,builtin-1d-gis-boundary,synthetic-boundary-width,2025-10-13
13,gis-hydro-001,784.327,568756.518,4825004.542,1568.654,24.207,37973.086,6.739409488896,18.64113462657975,0.5376794362363119,0.5957515111384131,11.312450514842604,21.03939587875692,0.5354238468530421,0.035,0.001,run,builtin-1d-gis-boundary,synthetic-boundary-width,2025-10-14
13,gis-hydro-002,2352.981,567789.751,4826062.573,1568.654,28.17,44189.728,6.739409488896,17.01878978747496,0.504220719726968,0.571223721861116,11.798196102462601,23.398872043281443,0.5027052886760699,0.035,0.001,run,builtin-1d-gis-boundary,synthetic-boundary-width,2025-10-14
13,gis-hydro-003,3921.635,566847.443,4827054.552,1568.654,30.812,48333.285,6.739409488896,15.492414819933678,0.5306102724080954,0.5906288715569415,11.41056560802796,21.504607432952277,0.528532081451032,0.035,0.001,run,builtin-1d-gis-boundary,synthetic-boundary-width,2025-10-14
13,gis-hydro-004,5490.289,565521.108,4827797.83,1568.654,13.387,21000.353,6.739409488896,13.960543825385093,0.5533176166843773,0.6069732868334271,11.103304931351138,20.066783699902818,0.5506241973400942,0.035,0.001,margin,builtin-1d-gis-boundary,synthetic-boundary-width,2025-10-14
13,gis-hydro-005,7058.942,564665.004,4828378.085,1568.654,19.67,30855.472,6.739409488896,12.32684860789052,0.5130078895372204,0.5777306568612831,11.665313946658324,22.739053695999672,0.5113214111204883,0.035,0.001,run,builtin-1d-gis-boundary,synthetic-boundary-width,2025-10-14
13,gis-hydro-006,8627.596,562885.639,4829334.006,1568.654,39.689,62257.871,6.739409488896,10.63965137059365,0.43745684988281547,0.5201617304556894,12.95637317069043,29.61748838579426,0.43682724591055777,0.035,0.001,run,builtin-1d-gis-boundary,synthetic-boundary-width,2025-10-14
13,gis-hydro-007,10196.25,562073.784,4829983.077,1568.654,36.082,56599.409,6.739409488896,9.045150906845395,0.42056579789129717,0.5067740321809616,13.298648038243316,31.620850066558653,0.4200720443459438,0.035,0.001,run,builtin-1d-gis-boundary,synthetic-boundary-width,2025-10-14
13,gis-hydro-008,11764.904,561256.111,4831564.054,1568.654,25.165,39474.771,6.739409488896,7.6575582073532935,0.535823673122713,0.5944097441274607,11.337986221590022,21.159920306457654,0.5336158359371688,0.035,0.001,run,builtin-1d-gis-boundary,synthetic-boundary-width,2025-10-14
13,gis-hydro-009,13333.558,560321.495,4832541.506,1568.654,22.125,34706.308,6.739409488896,6.119050679694806,0.5544085480389137,0.607750443612163,11.089106655094055,20.00168773428745,0.551682109295518,0.035,0.001,run,builtin-1d-gis-boundary,synthetic-boundary-width,2025-10-14
13,gis-hydro-010,14902.212,559196.347,4833383.376,1568.654,14.231,22323.125,6.739409488896,4.7712534746523545,0.6866676934113719,0.696267636614704,9.679337562870828,14.096101587048288,0.6765020856244297,0.035,0.001,margin,builtin-1d-gis-boundary,synthetic-boundary-width,2025-10-14
13,gis-hydro-011,16470.866,558448.169,4834344.865,1568.654,32.261,50607.04,6.739409488896,2.898619922966383,0.5027851330696615,0.5701561012637913,11.820288292903685,23.509621735903572,0.5012962110904231,0.035,0.001,run,builtin-1d-gis-boundary,synthetic-boundary-width,2025-10-14
13,gis-hydro-012,18039.52,556672.69,4835019.392,1568.654,33.332,52286.337,6.739409488896,1.3986994649535558,0.5455561036657022,0.6014227360162304,11.205777708932716,20.540101437118604,0.5430880998954137,0.035,0.001,run,builtin-1d-gis-boundary,synthetic-boundary-width,2025-10-14
