boundary_id,river,reach,role,station_m,matched_station_m,station_match_delta_m,time_index,time_seconds,profile,date,discharge_m3s,signed_discharge_m3s,stage_m,depth_m,velocity_ms,boundary_condition_hint,source
1,Clinch River,Upper Reach,upstream_inflow,4893.771,4893.771,0.0,0,0.0,20190924,2019-09-24,3.49,3.49,348.0205960661645,0.6154365240804665,0.10789551896292497,flow,USGS HEC-RAS flow profile + OpenLimno calibrated builtin-1d
1,Clinch River,Upper Reach,upstream_inflow,4893.771,4893.771,0.0,1,86400.0,20190925,2019-09-25,3.45,3.45,348.0160660681255,0.6116125209145477,0.10744933366832293,flow,USGS HEC-RAS flow profile + OpenLimno calibrated builtin-1d
1,Clinch River,Upper Reach,upstream_inflow,4893.771,4893.771,0.0,2,172800.0,20200825,2020-08-25,20.56,20.56,349.2041923308413,1.6047514558284142,0.20364702869942314,flow,USGS HEC-RAS flow profile + OpenLimno calibrated builtin-1d
1,Clinch River,Upper Reach,upstream_inflow,4893.771,4893.771,0.0,3,259200.0,20200914,2020-09-14,15.5,15.5,348.9294769992285,1.3828734011298818,0.18457703789519972,flow,USGS HEC-RAS flow profile + OpenLimno calibrated builtin-1d
1,Clinch River,Upper Reach,upstream_inflow,4893.771,4893.771,0.0,4,345600.0,20210513,2021-05-13,28.01,28.01,349.5554682094273,1.8893546107433894,0.22680808586144297,flow,USGS HEC-RAS flow profile + OpenLimno calibrated builtin-1d
1,Clinch River,Upper Reach,upstream_inflow,4893.771,4893.771,0.0,5,432000.0,20210601,2021-06-01,14.81,14.81,348.8889787494731,1.35001628501582,0.18166573538890746,flow,USGS HEC-RAS flow profile + OpenLimno calibrated builtin-1d
1,Clinch River,Upper Reach,upstream_inflow,4893.771,4893.771,0.0,6,518400.0,20210810,2021-08-10,6.91,6.91,348.3447752180072,0.8958650939733013,0.1384597841568936,flow,USGS HEC-RAS flow profile + OpenLimno calibrated builtin-1d
1,Clinch River,Upper Reach,upstream_inflow,4893.771,4893.771,0.0,7,604800.0,20210908,2021-09-08,14.32,14.32,348.8597158545472,1.3261862994126907,0.17953898260743778,flow,USGS HEC-RAS flow profile + OpenLimno calibrated builtin-1d
1,Clinch River,Upper Reach,upstream_inflow,4893.771,4893.771,0.0,8,691200.0,20211215,2021-12-15,18.7,18.7,349.1071075270826,1.5269831649141883,0.19707322375260675,flow,USGS HEC-RAS flow profile + OpenLimno calibrated builtin-1d
2,Clinch River,Upper Reach,downstream_stage,4698.415,4698.415,0.0,0,0.0,20190924,2019-09-24,3.49,-3.49,348.7138405352554,0.4844386670192603,0.09203286122315876,stage,USGS HEC-RAS flow profile + OpenLimno calibrated builtin-1d
2,Clinch River,Upper Reach,downstream_stage,4698.415,4698.415,0.0,1,86400.0,20190925,2019-09-25,3.45,-3.45,348.7104161564109,0.4812223547381913,0.09162558271558431,stage,USGS HEC-RAS flow profile + OpenLimno calibrated builtin-1d
2,Clinch River,Upper Reach,downstream_stage,4698.415,4698.415,0.0,2,172800.0,20200825,2020-08-25,20.56,-20.56,349.6471814157825,1.2726365996693534,0.1749964812987381,stage,USGS HEC-RAS flow profile + OpenLimno calibrated builtin-1d
2,Clinch River,Upper Reach,downstream_stage,4698.415,4698.415,0.0,3,259200.0,20200914,2020-09-14,15.5,-15.5,349.4359908566235,1.0894292424662162,0.15781337629881242,stage,USGS HEC-RAS flow profile + OpenLimno calibrated builtin-1d
2,Clinch River,Upper Reach,downstream_stage,4698.415,4698.415,0.0,4,345600.0,20210513,2021-05-13,28.01,-28.01,349.9397158888411,1.4750933047404555,0.1930457041191214,stage,USGS HEC-RAS flow profile + OpenLimno calibrated builtin-1d
2,Clinch River,Upper Reach,downstream_stage,4698.415,4698.415,0.0,5,432000.0,20210601,2021-06-01,14.81,-14.81,349.4050380996784,1.062306505257962,0.15518953109478245,stage,USGS HEC-RAS flow profile + OpenLimno calibrated builtin-1d
2,Clinch River,Upper Reach,downstream_stage,4698.415,4698.415,0.0,6,518400.0,20210810,2021-08-10,6.91,-6.91,348.96459586326085,0.7165434437424023,0.11942687107285015,stage,USGS HEC-RAS flow profile + OpenLimno calibrated builtin-1d
2,Clinch River,Upper Reach,downstream_stage,4698.415,4698.415,0.0,7,604800.0,20210908,2021-09-08,14.32,-14.32,349.38268716452586,1.0426694389377964,0.15327573864703098,stage,USGS HEC-RAS flow profile + OpenLimno calibrated builtin-1d
2,Clinch River,Upper Reach,downstream_stage,4698.415,4698.415,0.0,8,691200.0,20211215,2021-12-15,18.7,-18.7,349.57254216604787,1.2080361004224753,0.16903915814668174,stage,USGS HEC-RAS flow profile + OpenLimno calibrated builtin-1d
3,Clinch River,Main Stem,upstream_inflow,4648.18,4648.18,0.0,0,0.0,20190924,2019-09-24,2.62,2.62,348.6527078979025,0.5043328932380832,0.09442946553897702,flow,USGS HEC-RAS flow profile + OpenLimno calibrated builtin-1d
3,Clinch River,Main Stem,upstream_inflow,4648.18,4648.18,0.0,1,86400.0,20190925,2019-09-25,2.58,2.58,348.64795410744847,0.4998641108183499,0.09387237468762273,flow,USGS HEC-RAS flow profile + OpenLimno calibrated builtin-1d
3,Clinch River,Main Stem,upstream_inflow,4648.18,4648.18,0.0,2,172800.0,20200825,2020-08-25,15.42,15.42,349.6019046053205,1.2928633433750576,0.17647861528843697,flow,USGS HEC-RAS flow profile + OpenLimno calibrated builtin-1d
3,Clinch River,Main Stem,upstream_inflow,4648.18,4648.18,0.0,3,259200.0,20200914,2020-09-14,11.63,11.63,349.3870660815404,1.107141395794419,0.1592356582483944,flow,USGS HEC-RAS flow profile + OpenLimno calibrated builtin-1d
3,Clinch River,Main Stem,upstream_inflow,4648.18,4648.18,0.0,4,345600.0,20210513,2021-05-13,21.01,21.01,349.88648757576834,1.5188044469871156,0.19636929338321796,flow,USGS HEC-RAS flow profile + OpenLimno calibrated builtin-1d
3,Clinch River,Main Stem,upstream_inflow,4648.18,4648.18,0.0,5,432000.0,20210601,2021-06-01,11.11,11.11,349.35550477798216,1.0793271690342883,0.15657167724641247,flow,USGS HEC-RAS flow profile + OpenLimno calibrated builtin-1d
3,Clinch River,Main Stem,upstream_inflow,4648.18,4648.18,0.0,6,518400.0,20210810,2021-08-10,5.18,5.18,348.9334671464336,0.7050678423705092,0.11800118737221287,flow,USGS HEC-RAS flow profile + OpenLimno calibrated builtin-1d
3,Clinch River,Main Stem,upstream_inflow,4648.18,4648.18,0.0,7,604800.0,20210908,2021-09-08,10.74,10.74,349.3326740640226,1.0591553684586519,0.15462397621352778,flow,USGS HEC-RAS flow profile + OpenLimno calibrated builtin-1d
3,Clinch River,Main Stem,upstream_inflow,4648.18,4648.18,0.0,8,691200.0,20211215,2021-12-15,14.03,14.03,349.52567739897125,1.2282266338064116,0.17057886135851216,flow,USGS HEC-RAS flow profile + OpenLimno calibrated builtin-1d
4,Clinch River,Main Stem,downstream_stage,4304.172,4304.172,0.0,0,0.0,20190924,2019-09-24,2.62,-2.62,347.7281558013382,0.5941353317049117,0.10531022746821893,stage,USGS HEC-RAS flow profile + OpenLimno calibrated builtin-1d
4,Clinch River,Main Stem,downstream_stage,4304.172,4304.172,0.0,1,86400.0,20190925,2019-09-25,2.58,-2.58,347.722419372887,0.5890692545867617,0.10471287722884855,stage,USGS HEC-RAS flow profile + OpenLimno calibrated builtin-1d
4,Clinch River,Main Stem,downstream_stage,4304.172,4304.172,0.0,2,172800.0,20200825,2020-08-25,15.42,-15.42,348.87465118599124,1.517929826651976,0.19614019615337616,stage,USGS HEC-RAS flow profile + OpenLimno calibrated builtin-1d
4,Clinch River,Main Stem,downstream_stage,4304.172,4304.172,0.0,3,259200.0,20200914,2020-09-14,11.63,-11.63,348.61292883500306,1.3112867960686945,0.1780401844608457,stage,USGS HEC-RAS flow profile + OpenLimno calibrated builtin-1d
4,Clinch River,Main Stem,downstream_stage,4304.172,4304.172,0.0,4,345600.0,20210513,2021-05-13,21.01,-21.01,349.3035850217106,1.6125003413735057,0.2042086098337107,stage,USGS HEC-RAS flow profile + OpenLimno calibrated builtin-1d
4,Clinch River,Main Stem,downstream_stage,4304.172,4304.172,0.0,5,432000.0,20210601,2021-06-01,11.11,-11.11,348.5742638569415,1.280155745781326,0.1752316118811016,stage,USGS HEC-RAS flow profile + OpenLimno calibrated builtin-1d
4,Clinch River,Main Stem,downstream_stage,4304.172,4304.172,0.0,6,518400.0,20210810,2021-08-10,5.18,-5.18,348.0409995882125,0.8632457424414918,0.1349526844856087,stage,USGS HEC-RAS flow profile + OpenLimno calibrated builtin-1d
4,Clinch River,Main Stem,downstream_stage,4304.172,4304.172,0.0,7,604800.0,20210908,2021-09-08,10.74,-10.74,348.5463919857387,1.2573320325686195,0.1731583098514153,stage,USGS HEC-RAS flow profile + OpenLimno calibrated builtin-1d
4,Clinch River,Main Stem,downstream_stage,4304.172,4304.172,0.0,8,691200.0,20211215,2021-12-15,14.03,-14.03,348.7822949453141,1.4459592549612013,0.18993709999086714,stage,USGS HEC-RAS flow profile + OpenLimno calibrated builtin-1d
5,Clinch River,Middle Reach,upstream_inflow,4279.376,4279.376,0.0,0,0.0,20190924,2019-09-24,3.49,3.49,347.4695392675888,0.5796037821470467,0.10362754093144144,flow,USGS HEC-RAS flow profile + OpenLimno calibrated builtin-1d
5,Clinch River,Middle Reach,upstream_inflow,4279.376,4279.376,0.0,1,86400.0,20190925,2019-09-25,3.45,3.45,347.46537312755237,0.5758522671461603,0.10318122407485102,flow,USGS HEC-RAS flow profile + OpenLimno calibrated builtin-1d
5,Clinch River,Middle Reach,upstream_inflow,4279.376,4279.376,0.0,2,172800.0,20200825,2020-08-25,20.56,20.56,348.5756577366239,1.4862555710730834,0.19354540336835785,flow,USGS HEC-RAS flow profile + OpenLimno calibrated builtin-1d
5,Clinch River,Middle Reach,upstream_inflow,4279.376,4279.376,0.0,3,259200.0,20200914,2020-09-14,15.5,15.5,348.3310161213043,1.2689301783605673,0.17432477173471106,flow,USGS HEC-RAS flow profile + OpenLimno calibrated builtin-1d
5,Clinch River,Middle Reach,upstream_inflow,4279.376,4279.376,0.0,4,345600.0,20210513,2021-05-13,28.01,28.01,348.89302398781757,1.7648830324960092,0.21681315611892488,flow,USGS HEC-RAS flow profile + OpenLimno calibrated builtin-1d
5,Clinch River,Middle Reach,upstream_inflow,4279.376,4279.376,0.0,5,432000.0,20210601,2021-06-01,14.81,14.81,348.29522619447795,1.2368164705322506,0.17139148930832074,flow,USGS HEC-RAS flow profile + OpenLimno calibrated builtin-1d
5,Clinch River,Middle Reach,upstream_inflow,4279.376,4279.376,0.0,6,518400.0,20210810,2021-08-10,6.91,6.91,347.77383253461716,0.8470570550038002,0.13333540674332725,flow,USGS HEC-RAS flow profile + OpenLimno calibrated builtin-1d
5,Clinch River,Middle Reach,upstream_inflow,4279.376,4279.376,0.0,7,604800.0,20210908,2021-09-08,14.32,14.32,348.2693892190476,1.2135813327354419,0.16925279706620225,flow,USGS HEC-RAS flow profile + OpenLimno calibrated builtin-1d
5,Clinch River,Middle Reach,upstream_inflow,4279.376,4279.376,0.0,8,691200.0,20211215,2021-12-15,18.7,18.7,348.48900909572376,1.409711618762587,0.18689397063261376,flow,USGS HEC-RAS flow profile + OpenLimno calibrated builtin-1d
6,Clinch River,Middle Reach,downstream_stage,3869.773,3869.773,0.0,0,0.0,20190924,2019-09-24,3.49,-3.49,343.4561892359217,1.2333514077055934,0.16508219568992338,stage,USGS HEC-RAS flow profile + OpenLimno calibrated builtin-1d
6,Clinch River,Middle Reach,downstream_stage,3869.773,3869.773,0.0,1,86400.0,20190925,2019-09-25,3.45,-3.45,343.4452291859656,1.2286182389376874,0.16464958641037541,stage,USGS HEC-RAS flow profile + OpenLimno calibrated builtin-1d
6,Clinch River,Middle Reach,downstream_stage,3869.773,3869.773,0.0,2,172800.0,20200825,2020-08-25,20.56,-20.56,345.6554023199672,2.3554418366606664,0.255335891176885,stage,USGS HEC-RAS flow profile + OpenLimno calibrated builtin-1d
6,Clinch River,Middle Reach,downstream_stage,3869.773,3869.773,0.0,3,259200.0,20200914,2020-09-14,15.5,-15.5,345.211212953193,2.079189586463417,0.23513115961672312,stage,USGS HEC-RAS flow profile + OpenLimno calibrated builtin-1d
6,Clinch River,Middle Reach,downstream_stage,3869.773,3869.773,0.0,4,345600.0,20210513,2021-05-13,28.01,-28.01,346.2619592415212,2.5935469217225937,0.27270451453097394,stage,USGS HEC-RAS flow profile + OpenLimno calibrated builtin-1d
6,Clinch River,Middle Reach,downstream_stage,3869.773,3869.773,0.0,5,432000.0,20210601,2021-06-01,14.81,-14.81,345.14602237289694,2.03591876538357,0.23189634780648533,stage,USGS HEC-RAS flow profile + OpenLimno calibrated builtin-1d
6,Clinch River,Middle Reach,downstream_stage,3869.773,3869.773,0.0,6,518400.0,20210810,2021-08-10,6.91,-6.91,344.22820809903953,1.4480851261555527,0.18503571311936984,stage,USGS HEC-RAS flow profile + OpenLimno calibrated builtin-1d
6,Clinch River,Middle Reach,downstream_stage,3869.773,3869.773,0.0,7,604800.0,20210908,2021-09-08,14.32,-14.32,345.09879696237516,2.0044285341846875,0.22952737189600822,stage,USGS HEC-RAS flow profile + OpenLimno calibrated builtin-1d
6,Clinch River,Middle Reach,downstream_stage,3869.773,3869.773,0.0,8,691200.0,20211215,2021-12-15,18.7,-18.7,345.49601920173234,2.2654796607184795,0.2488042365584798,stage,USGS HEC-RAS flow profile + OpenLimno calibrated builtin-1d
7,Clinch River,Lower Reach,upstream_inflow,3803.314,3803.314,0.0,0,0.0,20190924,2019-09-24,3.69,3.69,344.5207198765446,1.0503068232403872,0.15188959456657883,flow,USGS HEC-RAS flow profile + OpenLimno calibrated builtin-1d
7,Clinch River,Lower Reach,upstream_inflow,3803.314,3803.314,0.0,1,86400.0,20190925,2019-09-25,3.65,3.65,344.5111091193245,1.0476384172287179,0.15162596130530984,flow,USGS HEC-RAS flow profile + OpenLimno calibrated builtin-1d
7,Clinch River,Lower Reach,upstream_inflow,3803.314,3803.314,0.0,2,172800.0,20200825,2020-08-25,21.76,21.76,346.42055674130944,1.729863194188352,0.21250856449264624,flow,USGS HEC-RAS flow profile + OpenLimno calibrated builtin-1d
7,Clinch River,Lower Reach,upstream_inflow,3803.314,3803.314,0.0,3,259200.0,20200914,2020-09-14,16.41,16.41,346.1337805425004,1.4795484819655087,0.19169114749177343,flow,USGS HEC-RAS flow profile + OpenLimno calibrated builtin-1d
7,Clinch River,Lower Reach,upstream_inflow,3803.314,3803.314,0.0,4,345600.0,20210513,2021-05-13,29.64,29.64,346.79290084637694,2.0493601869892135,0.23759780557847188,flow,USGS HEC-RAS flow profile + OpenLimno calibrated builtin-1d
7,Clinch River,Lower Reach,upstream_inflow,3803.314,3803.314,0.0,5,432000.0,20210601,2021-06-01,15.67,15.67,346.0901316579794,1.443616936087338,0.1885961570781731,flow,USGS HEC-RAS flow profile + OpenLimno calibrated builtin-1d
7,Clinch River,Lower Reach,upstream_inflow,3803.314,3803.314,0.0,6,518400.0,20210810,2021-08-10,7.31,7.31,345.1561042655716,1.2756504532389945,0.17321037130652264,flow,USGS HEC-RAS flow profile + OpenLimno calibrated builtin-1d
7,Clinch River,Lower Reach,upstream_inflow,3803.314,3803.314,0.0,7,604800.0,20210908,2021-09-08,15.16,15.16,346.0595265767238,1.4183335691954133,0.1864025067264947,flow,USGS HEC-RAS flow profile + OpenLimno calibrated builtin-1d
7,Clinch River,Lower Reach,upstream_inflow,3803.314,3803.314,0.0,8,691200.0,20211215,2021-12-15,19.79,19.79,346.3189637133249,1.6413657838972826,0.20527865545217536,flow,USGS HEC-RAS flow profile + OpenLimno calibrated builtin-1d
8,Clinch River,Lower Reach,downstream_stage,12.97166,12.97166,0.0,0,0.0,20190924,2019-09-24,3.69,-3.69,346.03361266222504,0.5992517502301795,0.10602433931579297,stage,USGS HEC-RAS flow profile + OpenLimno calibrated builtin-1d
8,Clinch River,Lower Reach,downstream_stage,12.97166,12.97166,0.0,1,86400.0,20190925,2019-09-25,3.65,-3.65,346.0293683263413,0.5958452247602279,0.10562259580039343,stage,USGS HEC-RAS flow profile + OpenLimno calibrated builtin-1d
8,Clinch River,Lower Reach,downstream_stage,12.97166,12.97166,0.0,2,172800.0,20200825,2020-08-25,21.76,-21.76,347.15067808248153,1.5129982591001947,0.196122619596026,stage,USGS HEC-RAS flow profile + OpenLimno calibrated builtin-1d
8,Clinch River,Lower Reach,downstream_stage,12.97166,12.97166,0.0,3,259200.0,20200914,2020-09-14,16.41,-16.41,346.90134314343,1.2928554014612432,0.17673194369252965,stage,USGS HEC-RAS flow profile + OpenLimno calibrated builtin-1d
8,Clinch River,Lower Reach,downstream_stage,12.97166,12.97166,0.0,4,345600.0,20210513,2021-05-13,29.64,-29.64,347.47318162067967,1.7971965991515038,0.21975470016115137,stage,USGS HEC-RAS flow profile + OpenLimno calibrated builtin-1d
8,Clinch River,Lower Reach,downstream_stage,12.97166,12.97166,0.0,5,432000.0,20210601,2021-06-01,15.67,-15.67,346.86429781053715,1.259877822799954,0.1737325047324663,stage,USGS HEC-RAS flow profile + OpenLimno calibrated builtin-1d
8,Clinch River,Lower Reach,downstream_stage,12.97166,12.97166,0.0,6,518400.0,20210810,2021-08-10,7.31,-7.31,346.37046450168265,0.8254028851165501,0.13120450351604238,stage,USGS HEC-RAS flow profile + OpenLimno calibrated builtin-1d
8,Clinch River,Lower Reach,downstream_stage,12.97166,12.97166,0.0,7,604800.0,20210908,2021-09-08,15.16,-15.16,346.83834134869363,1.2367163992417287,0.1716097735737738,stage,USGS HEC-RAS flow profile + OpenLimno calibrated builtin-1d
8,Clinch River,Lower Reach,downstream_stage,12.97166,12.97166,0.0,8,691200.0,20211215,2021-12-15,19.79,-19.79,347.0623592836856,1.4351369591561314,0.18938418680801714,stage,USGS HEC-RAS flow profile + OpenLimno calibrated builtin-1d
